organization,dataset_id
coypu-project,09ed4d5d-7fcd-4ce3-9ba5-8cf42d57ee2c
coypu-project,21b43f26-5753-4c78-a45a-1b6b4bf2d44b
coypu-project,28384b4c-ee8a-4d38-886a-baee369430d9
coypu-project,289a72e9-58be-47c1-bbdd-2bf04141c303
coypu-project,3701bbed-8683-4ed6-a4e9-1e23b4c6c542
coypu-project,3ed950c4-eab3-434a-aec4-ed0d2b9c7e31
coypu-project,40375219-aae0-49ac-9ce0-1617d8a3c240
coypu-project,4500197b-2fbe-47ee-a24c-73726f0b1815
coypu-project,492dc42e-df6c-4cba-bb4c-5562689627e6
coypu-project,4a5b1066-7eef-4963-999e-5d8bbdb561e0
coypu-project,4ce41b70-6175-428e-b7a4-8c52d6ceda60
coypu-project,4d03c927-1877-4459-95a2-4a248e502765
coypu-project,4e1596b9-90da-4011-bfeb-51e52c5d27b0
coypu-project,4f50fe06-9047-4a92-a953-2ccb04af9bcf
coypu-project,59d595ab-6c09-455c-b0a7-e24ba1ac94d9
coypu-project,608c3c65-fe2d-477d-8fd5-1ec248ae3e5d
coypu-project,6509e4fb-6b00-47f4-a2c0-35e8b69f36fb
coypu-project,6f0ba6de-7b20-4823-81ff-e35579e1079c
coypu-project,78c83ea8-0167-4661-b140-ec23e39735e9
coypu-project,7cd16f2d-9570-44c6-888a-5d1f43043c67
coypu-project,81526280-9dab-44c6-9047-44256fef9ac1
coypu-project,839f677d-4e97-4f7d-aea1-cb35947368e2
coypu-project,86332a2c-6983-4369-90f6-0f503f9544ea
coypu-project,9a543389-6c85-4c50-98ec-d199073baf70
coypu-project,9ae03d7b-f02d-4df2-bde6-49728e834027
coypu-project,a1ae9d8b-eb58-4611-9d4b-59d147299531
coypu-project,a40e0cc1-d314-4dcc-9fe2-ac68ff336b7e
coypu-project,aaa875cf-d07f-4034-abae-09ba88eca93c
coypu-project,b5d19739-bdd3-412b-96cd-4158235b8f09
coypu-project,ba139a6a-9cf3-46d5-8a25-b338f90bd1bc
coypu-project,ba1ddb9d-631f-463d-a12d-a3762cbee893
coypu-project,ce115b9d-870f-436b-a8f7-386a6c65834f
coypu-project,ce733a0e-950e-42ac-80f1-bc0ffeae74b9
coypu-project,d2e5af1b-4a74-4bba-8199-e6d138e37243
coypu-project,d6768440-7bc5-457a-99f0-d0f82ee409cd
coypu-project,df5b7113-d32b-40bd-98ed-2ed55843b250
coypu-project,e48e0a1a-1771-4832-a83c-b88a5d29b2a4
coypu-project,e6e37d74-7cfc-458e-ac29-ed153b414354
coypu-project,e8a0620f-63a3-433c-8a85-c1c085159ea2
coypu-project,ebd8488f-a92b-46c9-899c-1e0b7f4f01e1
coypu-project,f00cdc84-5be1-4d2d-b00c-d8a957d78a0b
coypu-project,f43c99b5-4b4b-4df0-8e11-f8e5c75ed1ec
coypu-project,f59619c4-ee95-4102-8bc1-8583a82460d4
coypu-project,f9a12656-d803-4ef9-848a-784ec3c7d20d
coypu-project,fe742c08-cebc-489a-b205-e7f4a6487829
fachgebiet-empirical-information-security,2ddc1f8f-bb4a-4c9e-ad4f-af551a6ecf54
fachgebiet-empirical-information-security,a56af398-d46c-4883-af24-4dc4e6b1246f
fachgebiet-empirical-information-security,ceeaf408-ffbf-4f01-8c05-8395dd687c3d
fachgebiet-empirical-information-security,d2186c38-ac7f-45fb-9c38-2e9f36d3afaf
fachgebiet-empirical-information-security,e0894e61-8e22-4832-aa92-555f007282bc
fachgebiet-wissensbasierte-systeme,8d579fcc-06e8-4ca3-bb99-4f11e77fdef2
fachgebiet-wissensbasierte-systeme,f1460cfd-866d-42ad-8383-36d5c3f22201
institut-fur-gartenbauliche-produktionssysteme,064ee904-5345-43da-b6d2-7b771a928a2b
institut-fur-gartenbauliche-produktionssysteme,256b30ce-d645-4997-a7a0-8aa0ce91daec
institut-fur-gartenbauliche-produktionssysteme,e4afd5c8-6ed3-4ee8-9146-39b929608963
institut-fur-theoretische-physik,a28770ef-17da-456c-886c-1e2f11985e17
l3s,1cac4023-cce8-4205-8b71-75e79094dded
l3s,5f2180c2-be1d-45c3-a3c3-831f400b2f81
l3s,a42fe0cb-88fb-4c85-91db-92197cf096e1
mhh,b4a4a12f-35f5-4ed4-98d9-efdcb507c7c1
pangaea,007a8766-4921-4ff0-b3aa-404c0b598e03
pangaea,00b068a4-1546-4bf3-ab8a-f56c9f3bd8f2
pangaea,01a122f7-8b73-493a-8f1e-6a6cfdb885fd
pangaea,02b30ac7-c14e-413b-88f0-91048a6219fa
pangaea,067103ae-3990-4d9c-bf33-6e2f46c4055d
pangaea,06a2f674-9c3e-4f19-aea8-548c73f1c6c9
pangaea,073e1086-d3fb-4c2c-bbfe-5eda1f5bcc8b
pangaea,0798ca41-3369-4e33-9863-8fbd4351c7d0
pangaea,0969f4ea-3021-4377-b27f-30b13723e4e3
pangaea,0a6df4ad-d4be-4cbb-a2db-9b469c9af87f
pangaea,0c397b7e-a2d0-42df-9764-2ffb6a6b0422
pangaea,10b6a1bf-640b-47aa-b12c-854b0c598bdd
pangaea,11544f02-05ea-4150-8312-fb4ca8fe859b
pangaea,13c23bc0-ae5e-4e1c-aa49-a8ab2feb92c5
pangaea,14288f84-0533-4b07-b4d1-bf90181bac6a
pangaea,15c8b22c-f3d1-4918-8024-b64550a738cb
pangaea,15d21b0a-70ef-4cfb-9a0f-a91c1a03a8c4
pangaea,1b52786e-fd5a-4911-b22b-b491293956ba
pangaea,1c2557a8-f152-46d0-a6a2-b6edaa3b0482
pangaea,21fb644f-36c2-44af-81ca-381dd0a36f9d
pangaea,24ff2bfc-384c-41f9-86ee-0b7919d38b87
pangaea,271c44f4-0a09-4761-a5d4-769a1536e3aa
pangaea,27592af1-c084-42a0-919d-3898ac83e66e
pangaea,27b8ea9c-13c9-4aa8-a4e1-13cfdb9f14a8
pangaea,2d97d909-7d41-4024-b2a4-e8893d7c1f24
pangaea,2e274ab8-7422-4c17-8ceb-823531781b1b
pangaea,306b75c2-e850-4c0a-bd2d-b735f5686b51
pangaea,32c25df1-49cb-4c5d-9a6b-b199e31340b1
pangaea,32e2736d-a903-44a2-8a3c-658fd4b4fee4
pangaea,330edff2-1d63-46c0-b12e-86b67a8528d7
pangaea,33161006-051a-46b2-9965-3775ceff8b5b
pangaea,390c16a7-8d8c-4c7c-9d0e-015c362d0c34
pangaea,3c26ff86-b869-4b86-952e-9e5b2771db81
pangaea,3ce1c31d-5f32-41d8-959d-2eb06806da58
pangaea,3dd16f90-86a1-408f-8e60-3fbad9138018
pangaea,3df855f2-6bee-45be-85cb-c92408ac16d0
pangaea,3e14711e-4f9e-41e6-b45d-063ef8e1af5c
pangaea,3e21f62f-f7f4-40bc-87e3-dedb0a6a251a
pangaea,3e35417f-2b91-4a28-8465-a068c4a90567
pangaea,40c4b7a8-a954-48ee-ba35-688e8183b806
pangaea,426c6abb-123c-4852-828c-88f599ce02d9
pangaea,47d3d35b-51dc-4240-98a9-24fb951c6c7b
pangaea,48aab805-d955-4946-8e06-921042ee60c7
pangaea,490a98a9-24c4-4c3a-ac03-68c52595293c
pangaea,4d9fe52c-157b-4a34-9e8c-465713020493
pangaea,52f27d0e-7c89-4a2d-bd2e-4b79e9269f3c
pangaea,54d31417-e8d8-40c4-9e04-7feb44c20d50
pangaea,564ebfa1-24d0-41ab-b95b-ab9874c40bbb
pangaea,5a6be882-e1da-4ae1-8cf8-3add9abbe516
pangaea,5c9fa84f-60f0-484e-a112-b161b33c9521
pangaea,5cb5c06c-423b-493c-aad6-2f4054c6b1f0
pangaea,5ea932c1-ab73-4cef-b0dd-fc5e642fa356
pangaea,5ec324b1-3388-4470-885e-1341f6387cf5
pangaea,5fe7cd7f-ba9a-4e49-a692-c6f5b1f04f3e
pangaea,6151dbf0-debf-4045-924f-c0e7956addd9
pangaea,62bd00a3-88a4-4f28-b3bb-90b6db6f7b44
pangaea,67f2eec8-f745-44ef-9766-b840b41676cb
pangaea,68d2d61a-767d-4ce3-a2fd-a4fd7db9146f
pangaea,6bad27af-5c5a-4c14-886d-138fe6f60a28
pangaea,726e09dc-a78a-4276-ae15-a7bc5273cff3
pangaea,7389ccb5-a203-437e-ae59-13eba45c28e0
pangaea,73d4d0ec-669e-48e4-a6f7-347a98e53306
pangaea,741ae873-f072-4b48-b55b-1f5cb2304878
pangaea,74639799-9777-4612-bc80-5113479d9108
pangaea,74c05a4c-b5b3-4e7f-8871-bc8555bc8110
pangaea,772af649-1491-4c17-b41c-2e70f585ed0c
pangaea,789123a9-d285-47bd-be39-424e602c4571
pangaea,7acc60dc-7cb9-4418-870e-9cc6bc41c2c8
pangaea,7af644c9-9e5e-45be-9305-627d3195ec9e
pangaea,7e129911-4bed-4a69-8abd-675267347762
pangaea,7ecb42de-b36d-457e-bfa6-4e83486ad900
pangaea,7f0f3196-00a4-40bb-98fb-5d0b8777d7a8
pangaea,80f827ec-0343-42d3-9841-5fa59f5e830d
pangaea,82857846-446b-4335-8e6f-436e441ffe3c
pangaea,842845d4-e0a6-4639-907b-4e9c33afb97b
pangaea,860d56cc-7e38-4d6d-8f87-ac93455ca7ce
pangaea,887a0ecb-d67c-46f0-9642-c9225f9acbfe
pangaea,88853aec-2007-4cda-bead-c410620d4848
pangaea,88b23a1e-c6ad-4f8d-a5c8-0fcba9454b83
pangaea,8c05fff1-7268-45b0-a025-5d4082d0c54e
pangaea,8d8e09ca-a73e-444f-958b-342c028199a5
pangaea,8fb63933-4916-473b-b06d-17f07e258991
pangaea,92290ded-8a2f-48ef-b03d-55aeb889a51f
pangaea,92c18e47-6140-4e12-bf62-762ada618be5
pangaea,93b776f3-0f90-48c4-a2fd-bed7bcb89982
pangaea,94f14772-3632-4e1f-a60e-99afb82b293a
pangaea,9709bf47-b95a-40b3-ae1d-2749b8c62b06
pangaea,985d4d29-e2cd-4114-84b7-b4526a726ab5
pangaea,98c1ba5e-c1ef-4742-a4d0-e5a805900bed
pangaea,9e05627c-bcf3-43e0-9ccb-bbc67699290d
pangaea,a0545501-8789-4efe-a372-293e27ac3a3d
pangaea,a1a1bf31-48c8-45e3-8a97-c07dbf6ba672
pangaea,a2c04d9d-f07d-4caf-99cf-c07b7cbb3671
pangaea,a6973c7b-2147-4339-ae0b-234e2541f164
pangaea,a6b6bfba-d789-45a7-b29c-058cd21ec310
pangaea,a7b6e7a7-0897-45f3-9981-11f97703b787
pangaea,a89f197f-95f6-43da-a11b-599b292b7df4
pangaea,a8d0fe0e-4dd5-44fd-8c13-26ad742e7ee6
pangaea,aa05d0cd-0fb1-4a42-8203-394b145fcc0f
pangaea,abd60733-b9c5-4420-a9b2-1efc9dad3229
pangaea,abdc4f13-9339-4cf4-8b07-aeec348cf564
pangaea,b3a13d13-6755-451a-a0bf-a8048144d785
pangaea,b545681d-68d2-41ee-a91d-20fb6a62d193
pangaea,b66ebfb0-63a5-4f39-813d-964852c1a582
pangaea,bd856943-5f45-4a0a-b5bb-b9e42629f7e8
pangaea,c38b938a-c921-4590-a4c5-e2ecdccc0bc0
pangaea,c4f905b4-4c5a-4eec-bad8-2d678096f1fa
pangaea,c61b3ad4-72d4-4a84-af6c-3a5badf01270
pangaea,c6edc94a-0966-4e75-a784-0d60038badb9
pangaea,c713fc65-4c2f-40a5-b672-9e8d6d79b581
pangaea,c7965016-0acb-45bb-b77b-91859c369048
pangaea,c896cabf-62db-4ed7-af8b-f298857a7f43
pangaea,cb1d5ed4-8500-4b26-b15f-f5b0103a407f
pangaea,cef4d5f3-d260-4dce-88b1-019731b0c42b
pangaea,cff756f0-57b0-48b2-b53c-e2185f8e445e
pangaea,d01236b7-97c5-49d7-a7cf-4bb2aec02af9
pangaea,d1712998-f2da-4796-a2fc-110f7c4d369d
pangaea,d21c5b01-1131-44c0-8063-e46944b68de0
pangaea,d2a21683-2f5d-4b92-b134-f185d6ef498a
pangaea,d4282dea-6d37-45f7-80b2-4bb04f2e8980
pangaea,d62bc9a2-c3b3-46a7-9a4c-47c9722fe33b
pangaea,d68fd301-711c-485d-a408-ea95b3061345
pangaea,d9fd63e3-e9d2-4443-b9e8-695dbc39764d
pangaea,dcc2ec89-f4a5-42d5-91aa-1a38349e553c
pangaea,dd899416-5a6c-43d1-8506-e1ca6300b709
pangaea,de182010-9aca-491b-8ec0-19f497ce6e32
pangaea,deba1593-f695-460e-9f18-be17704f54f6
pangaea,df5a35c9-b58a-4bdc-90fc-2cb68351fa19
pangaea,e734ab2f-e0b0-4f64-96fd-6d181687a3d1
pangaea,ea808714-d154-4a62-8152-6263aad48bb1
pangaea,ebfe6cb9-95b4-4eb9-9a63-fe6bae215aa9
pangaea,ec912f16-62d2-48cf-ab64-c1ac86dab9db
pangaea,ecce4c0c-b917-42ea-a680-fd366ce5c7b0
pangaea,f079aab6-870e-4a47-a4eb-2017ac25e367
pangaea,f0c1a95b-255a-466d-981c-81fc376647ef
pangaea,f1dd3317-09a6-4320-ba4c-9210af0148f0
pangaea,f5b2479b-9018-4a68-98b7-7299a70e13ff
pangaea,f7f13220-42d2-468c-8ec4-9596ca052d26
pangaea,f885b9fa-16b9-42c5-bab0-8732b1553b3e
pangaea,f8baa52b-1d2f-45ef-8898-d15eb5def5bf
pangaea,f9672db6-eb9d-4d9d-b834-9b50b95caf4a
pangaea,fc6ac5d9-1604-41d9-b0f0-35e5d391029f
pangaea,ff44c59b-e1a7-4f01-8403-33b95d2454d1
pangaea,ff72da57-7dba-49da-97b3-904ee1a64a73
radar,005528de-954e-4c66-b32a-23c3e55139d4
radar,02583b37-69a7-4e67-b64e-22e3059f8d6b
radar,026129d5-4b1e-487b-afb3-aedd981eac67
radar,02b1a9a5-046e-4c06-a36e-d052a586e06e
radar,0564ac6a-aeff-4704-892b-43db74f6f836
radar,05d70b11-29a9-4248-b5d6-7f092914d041
radar,0630be3e-3934-4450-922e-02bb6ca049a2
radar,0774ec2b-0f0d-449c-a257-7f1328b36c16
radar,083db0ff-3932-47ed-a629-1b85f1f7ff9b
radar,084ddc45-d436-47fb-a18a-537f5b247d16
radar,0c153c45-3b7d-498e-8872-44b80cc7e27d
radar,0e15f053-4371-462d-8a6b-83723c7a6e1f
radar,0f5f5b18-7f4b-46c9-9684-58a048066be8
radar,0fbb6ce2-78e6-4081-bf7f-d2039d54d373
radar,0fe1391e-b637-41d4-ac4f-37f6d24033d7
radar,10d2b556-e421-4c81-a92b-45b651ae5268
radar,12606b04-096a-4398-81c0-c4d0e92dae12
radar,127c7212-74ac-447d-ba25-ad578e58ac66
radar,15abe345-831e-448a-a371-5fb1c4099094
radar,15c4d03c-3cf4-41ae-acf4-2d98d22586fa
radar,16693d9f-07e1-4ff1-9ab6-87ca53305e1a
radar,16a8a0b0-87cd-4551-8384-fbbdb55b5d1a
radar,1d7c95b3-7895-4504-982d-863c4934a464
radar,1def7028-cbd8-415a-abb8-bf834bed58e1
radar,1e041643-2846-4fd4-baeb-7dc761d1d7ab
radar,1e922cb3-8513-4381-863c-24cf3acfe8bb
radar,1f360733-0a3c-4fb1-8ab2-6c5203e311ea
radar,200cc792-4a4f-4122-912f-6fbb5f899e5a
radar,21169f28-9bdf-425d-bffb-68aeed47c390
radar,234ef5a2-79a1-429f-8b1a-9d9d5d1ddbf8
radar,237cec6d-3ae5-43e9-8cbd-ae45605f5296
radar,24a4ce6c-9f6b-4c0d-9a85-b6168138b983
radar,25e0b97e-d8c9-485a-b5c4-48f3321057d3
radar,2c17f16d-9595-4804-8222-68c2636b8ea6
radar,2ef44346-53a9-4661-9ca9-b628bd943dc5
radar,3040bf2b-6d68-4420-9610-18ef03a3230b
radar,306feefb-6f81-4a84-9eb9-f9649fc2c9da
radar,3099f1e1-a112-4702-b64a-08a667b32905
radar,30ad712e-b796-4776-9557-93c2c603f36c
radar,316edbe7-32c2-4e3f-8300-f26fd5865a62
radar,33f4e8cd-6c31-44b7-815b-e90a66c601f6
radar,36288e5c-c60f-4788-a827-a4888279bdd4
radar,36aeaf19-8aed-4859-84a4-c39f72df1402
radar,37764e7a-26dd-4f13-b3d6-f4b82fb64180
radar,39a9b1c1-14da-4397-8cf8-38f0fbe41959
radar,3a211767-cb3c-43e0-b52e-ed2277ea4e12
radar,3a2ea9db-9884-44e2-a3b9-9e326a6ec887
radar,3c10cea7-2634-435f-a206-9944f3269668
radar,3c5ba9d0-c4f4-43c5-975e-926548b1f48b
radar,3d3b1ae2-5a55-409b-8980-813781beb217
radar,3d5ea5cb-bb3f-4865-9044-78446801f97b
radar,3f34eb40-8bee-432c-bc9a-daad56ef07bb
radar,3fd7b5ae-8ab0-4c52-8994-2e84b311e2b6
radar,4117332c-5d9b-42b4-b868-3516f4e6ca79
radar,414738c2-811e-43d9-b38c-206bd96fc903
radar,4389ae0c-4e90-4b80-a47a-dc17525e469c
radar,43aa172c-8a59-4349-b570-a4be87f3a560
radar,445ef89f-97cc-4441-aea2-7f7b7412b858
radar,4536c78f-fb9b-466f-8926-2b8253c88d4d
radar,454b5df5-3070-4f0b-a553-f44578f8d2fa
radar,46f468f1-287c-42da-8b79-5699b3670f71
radar,4786a526-f6df-460a-a831-6b99aebee431
radar,481f82b2-d0c6-42e4-9fa2-80b1d19d47d8
radar,48c88f80-2a0c-46ff-a3da-3c4d81454ad8
radar,4a5ca3e1-10fa-4a45-bb65-543c3d1e8f19
radar,4ab90ce6-b514-487e-9e0a-1405b09465aa
radar,4c730b5c-9c0c-4b67-8c2a-15c63de693a3
radar,4c78434a-2e90-49dd-b46e-9e96e95c906c
radar,4da0a83d-cd1c-4686-91ae-830d8201815e
radar,4e5669cf-dad0-4797-86ed-5c05b650e387
radar,4f8239e5-edb5-442c-906b-f49baddf5e0b
radar,5019827d-3313-4cdf-9f31-d034fe99c543
radar,5281c815-bd29-4e9d-a14d-9ffd75eccc29
radar,52b3d4fd-cfef-491f-af7b-2e2899409c56
radar,54ee8108-ccaa-4368-9565-b08d2896f636
radar,550147ac-6b2b-4098-a31a-45ad65b1384a
radar,5516d37f-4786-4685-9545-4d6a9eebf55f
radar,56981354-db47-419d-a4dd-e9449c6df126
radar,589c0f21-ca2a-4e57-bb6e-86d1b788d102
radar,5a41fefe-6b9c-4f47-9863-7e748d308c0c
radar,5bf43f94-7e1e-4c12-9080-b90d3036734f
radar,5c459822-ee63-41d3-9e79-c88bdbe86810
radar,5e366399-2975-4c6a-be26-4de85ccb4c75
radar,606fb904-272e-4274-ba12-9df6c8301b6a
radar,60ac6abd-ebe3-475a-af4f-f25e4c3ab015
radar,60e002e5-ddf0-4684-bd0a-106e83041046
radar,61d76cfb-a16c-4950-9dc8-8a553d0a068c
radar,636dea8d-5136-46a6-a006-e020ec121ce0
radar,64fd1c85-ceda-4237-a624-fa9dd1766302
radar,650868f5-12bb-4e98-a1bc-c175e25cc111
radar,66060ff3-c2f0-4926-ab1a-620d10a6e49f
radar,689ef27b-f3e2-44fe-94a1-304ed58d39b9
radar,68b7c83e-e045-4d8c-9972-4e24611140e8
radar,6b3d56db-2a25-45d7-ada6-4d3fa4f70dde
radar,6ea24050-f15b-476a-ab5a-8288a712650c
radar,6fd7726d-5d42-41aa-9a8a-de3cc6ff0ac0
radar,706ef1e2-cbc9-42b0-8cc8-30ebea0fd826
radar,719a7465-d9c3-471c-9b11-1b3e67bff813
radar,72ae5dd7-95b3-47a5-81e8-61ede7fdb9d8
radar,73531d6c-05d7-4f39-b36d-b478f67b0487
radar,73569927-95db-404e-b34d-6c34ae666041
radar,749a884a-898c-4086-af91-fc9ff43984c2
radar,74d6f839-abb3-4d9a-a3aa-12ca5f8c1660
radar,763971a4-5a1c-4cc5-8e62-99a1961bfc48
radar,77849e2e-b89c-47d6-887c-e1ac5e5e5e5d
radar,78f34acd-ab5d-419a-a2c9-e10b7378b491
radar,7952cc3b-3afc-4707-9aee-379a7a203b17
radar,7c082061-6ceb-41ee-9209-10f196252848
radar,7c5ab9d5-04ea-44d6-992b-05600ada9c15
radar,7c894cbd-35c3-4ae2-a56e-1b0365875ba4
radar,7d011650-9cbb-48ef-8225-cf2f7398799a
radar,7d22cd35-0c91-4716-914b-c443fc8f4482
radar,8019d37d-489d-4c25-944d-ee33733b7df4
radar,801c7370-f615-41f3-afa8-80e7425827cf
radar,819af562-f7f4-4908-8d07-1e4bda908128
radar,829c7787-446b-47c1-bb65-27480c667adb
radar,82ddcb20-a582-4b24-b19f-d98e7b687e8f
radar,861e7d0d-1cab-4d68-8b29-1054f2eb7d37
radar,8a76bf84-e226-45a2-ae1d-9bb0150c52df
radar,8a7a2494-2cbc-4d97-80b9-8eac3875a4df
radar,8a9b21e2-be4c-469d-b606-5f2507b753be
radar,8aced5fe-9dd3-47e6-8316-3cdf6250ecd6
radar,8d2748b8-2af9-489b-9f35-ebec2f4c2b4a
radar,8e552581-5574-4e6c-8c2a-2c18db1b2503
radar,8e78d2b3-48fc-4038-a75e-64e5485668b9
radar,8faaddea-4700-4b13-a7f0-80f50fa5287b
radar,90e8a646-8404-441e-9dec-e84998178e05
radar,91b58016-cde6-4a4f-bc6a-4a9d40dbedea
radar,921c3fe9-eafc-4b5a-8deb-a817e6756b7e
radar,93274a3d-7677-41c3-a37a-d84c7a0ee292
radar,936561c7-d40e-4550-8bf4-f55cbcd8ce12
radar,956f3e67-4d32-4f91-a2bd-44444f7ba231
radar,9745a3e6-eaa6-4132-bdf1-8942aca7c438
radar,989f3ee4-2a78-4b87-a6ec-cd5dd559a031
radar,9abe29b8-abcd-4441-9e6e-1f4775acc41c
radar,9caa9b89-d6b6-4422-be9e-8255a9357885
radar,9fd65013-0056-4872-b072-f5a4b0cf5a7f
radar,a37844d6-c229-4bec-a71c-8bb2763a5867
radar,a40c77cc-bf5a-4b95-a198-e326cda0acf8
radar,a4789ae9-966b-4bca-87ee-5313a889d865
radar,a4b1b3e4-0fec-4918-86bf-21cb1c902d39
radar,a68dbbb2-9596-4b79-a3d9-9ba57225f5cb
radar,a9408c83-0d0d-44c9-bb89-055651aa7c34
radar,a9a5be49-5f6c-4549-9b06-fc1c3a976869
radar,aadf20e9-6251-440b-ac9d-550737e93140
radar,ad0f1eab-ffc5-480b-9072-f484f34f26dd
radar,ade533eb-19b7-4def-8453-407e63ae0d96
radar,aed87c22-e51b-498e-b7fc-095267c84e03
radar,af38c978-b9c9-40d5-b2ab-2c682bf82e6e
radar,b0c9c76d-fb2b-474b-9883-969a1ec793d2
radar,b1b5e776-9050-4a11-97ba-7ba7084b52ee
radar,b1c7a391-6423-42ab-8574-943e63b31e66
radar,b228e68f-1d43-4a89-a344-4e4b4edca74f
radar,b3f47ed5-df56-4727-a181-01f48e834c1d
radar,b430feb2-689f-45ca-af40-358e4f60d1a4
radar,b493dd3a-1ffa-48b5-87c7-1250b6d04dc1
radar,b509a0f1-860c-4e80-969a-b3072debd661
radar,b6d32572-d7b0-40b9-9e93-5c145f7d446c
radar,b8ffcbff-e9cd-4721-9b89-90ec1a3480f7
radar,ba2cbd35-530a-406c-9797-934054f04202
radar,ba948ae2-54ac-470e-a818-6f75d92fb207
radar,bae242ee-9081-4906-ad22-6b0a7cd073ab
radar,bbb3d668-7e8f-47c6-bbbe-192e993d6b67
radar,bd1a5304-9fce-4a08-9a51-10aa5ac3b450
radar,be7c6461-4719-4cc6-9d8a-d7d0890b940a
radar,c10d98a8-e660-403b-8d16-aa6ed3b5fcc1
radar,c20013cf-ae10-4521-b52c-7820bc375f98
radar,c261111e-9e49-441e-a9b2-41815a14d77c
radar,c2f06893-0800-42ff-94e2-0bf0e200896d
radar,c3a1e2fc-1f40-436f-95d3-952ad87b2858
radar,c5aa200c-56be-4aa1-af59-7c679886baf2
radar,c5d70263-8d5a-4fcb-9d74-d2868ffe3898
radar,c63af03b-5289-46ef-9cb1-aab92f3d1934
radar,c6ddcb6b-bd16-45b0-8e6c-2c7a39923a18
radar,c7b31467-bdf7-487a-bbd8-d4d8396b0e84
radar,c80c6291-df19-4a92-b5cf-134ceb98dd69
radar,c944048a-a7e4-4353-8ba1-80f2db803028
radar,ca357b59-8301-435b-8027-a739fba0f757
radar,cae809c2-4400-48b1-8889-055f4abf4f94
radar,cb5cca01-a6f5-4934-93ae-e3ac750a67ee
radar,cb93b2d1-a29c-4c3a-ab2e-9b6d7e3f747e
radar,cbcd1a75-b52d-4883-8ae0-b3ff06818b16
radar,cbe5f1f9-fe2e-4ee9-b292-3cdb58cde3f1
radar,ce8acb1e-d3e0-452c-ac68-b440686ca701
radar,ce92217d-7bac-4333-a969-f1c4e89874c8
radar,cef7a008-1a48-44cf-b4ed-b1b66a976f56
radar,cf174b40-8c2b-44c4-bf21-437e9697cdff
radar,d1659ab4-3c47-422e-b11c-75dd957a11d1
radar,d3f46aed-1819-4bc4-895f-3a6c57e1cfd2
radar,d4b11115-cd20-4f90-8b84-b9c6080a2a61
radar,d55563a5-b40f-4fd4-ad2c-199a088191c4
radar,d73ddfda-cbe9-4eaa-8c7b-d1409d7e2381
radar,d7d7bd87-b2cb-4cf8-bb81-b2f90ec60a83
radar,d986269a-0bef-4bc8-8cca-6a0f6bb05c27
radar,d9e2de58-08f3-4ba6-ac65-11a78de79cee
radar,da47b1fe-d957-45ae-901a-8e12cda00aa5
radar,dc7be277-653e-47a2-b594-1bd57ddaa4f8
radar,df530621-e0a3-49f0-b08e-24379989570b
radar,e06d1212-c383-47de-84dc-bff91aea1c1a
radar,e45bd890-1f6d-449b-9d76-b9a7371c4ed4
radar,e4bf97d0-302d-488c-b3e0-001f3841abbd
radar,e50eadb8-c7fe-44e3-b1a1-6b95a9fc5207
radar,e51fd04c-cd78-4111-a6aa-d7c0e62bbb42
radar,e62c6987-b4ae-45c6-9499-78bdb188e1a1
radar,e82fc813-6e03-4bf8-9133-0ca1402b0f43
radar,ee5bef8f-48ca-499b-9f7b-411e6b236ffd
radar,ee805dc1-496c-4b10-87ba-0aa5ff68a64e
radar,f000be72-abf8-4210-9dc3-3d10fb9af884
radar,f0ad7f6f-3dc5-4ea1-911b-4089a35f2731
radar,f0bf8876-afe3-4a9a-8529-289ab2380313
radar,f220b189-f18e-4a4c-ab6c-76ce022a827d
radar,f2792a2b-fc82-4ac2-86d5-8a5830e4f98f
radar,f33bf4d7-af23-496b-9a32-77c928867366
radar,f3d88d5f-0020-4de5-8898-ba7ebcda14ac
radar,f47f9afb-39d8-46d4-9679-4080c85f8439
radar,f5f2decf-6082-43af-a56a-b0f6c945a75f
radar,f6d9b33f-1556-4ac7-bdba-127f035fb68f
radar,f91697cc-fbf6-45f3-b942-28f2aad17293
radar,fc8882a2-5207-4205-9775-4b02e74f1a72
radar,fe22a15c-b4bd-423f-8689-9ff0af23eb9d
radar,ffb44065-ad38-4952-b69c-4fccfe6ea97d
sfb_1153,b59dcd26-08a4-4bff-a312-ac8238d03ccc
tib,02a90a88-19c9-4542-9410-6741782427bf
tib,0a4d8d4e-f881-48f5-82e8-20c2c635e8bd
tib,13ba912b-032e-4c04-a9cc-2c7cbe2a9f4a
tib,1cc92020-e859-4a43-ba7c-0b68f9498a70
tib,24dea2a0-39bf-4a15-bf41-ed46c530f679
tib,25a28ec2-f9a8-412f-a6e8-6808b66ef957
tib,3afb333d-230f-4829-91bb-d4dd41bfdcfa
tib,3c23ef7a-45e8-47a0-b635-ce39006d2ba7
tib,4608a35d-3824-4d60-a0a4-cc7c2f2b2fa8
tib,4e81c650-6b82-4a0a-bf3c-ab81394cf8df
tib,4f3d3a68-3c1d-467c-9d82-4bed6d9b8aff
tib,672f2339-c57f-48f5-a681-b62acc50f488
tib,6a85aa5b-29a6-458d-9f6f-58493f800e49
tib,9e7d3aa5-120c-499e-83b9-28c45b79060f
tib,a106b0dc-4f5a-4d04-9cdb-88b3427d8c92
tib,c22ad20e-d0e3-4be2-8041-ba71bfa29873
tib,c31c9ff2-0ea9-43d8-8f93-2af0eaade9d4
tib,c3d5c849-3f3e-49f3-ab52-751d108f02df
tib,c729ffd9-8be1-49a9-8c43-dab2f8a87753
tib,c854c0a8-9a35-40b8-8698-115d3ec29a26
tib,e121be86-7419-4b5a-8507-344dd6851d1c
tib,e2b95dce-768b-45f3-86ed-f4531cd98e94
tib,ef96d2db-9cbe-4738-b7bf-da556e12bdc2
tib,f45c42a7-50d2-46e1-a247-e40db3255d50
tib,feff84ea-89ec-4ce6-95fa-70060af298ac
universidad-politecnica-de-madrid,485d29c2-fe3c-4dff-8ee4-009e8d2aa7ae
