id,name,title,doi,metadata_created,metadata_modified,license_title
005528de-954e-4c66-b32a-23c3e55139d4,rdr-doi-10-48606-22,Embryonet_training-data: fgf,10.48606/22,2023-01-12T13:31:00.091385,2023-08-04T09:27:54.648462,CC BY 4.0 Attribution
007a8766-4921-4ff0-b3aa-404c0b598e03,png-doi-10-1594-pangaea-942978,Element contents and stable isotope analysis in plants from a nitrogen and potassium tracer experiment in the Chilean Coastal Cordillera,10.1594/PANGAEA.942978,2023-01-12T13:31:22.745752,2023-08-04T09:33:49.856544,CC-BY-4.0
00b068a4-1546-4bf3-ab8a-f56c9f3bd8f2,png-doi-10-1594-pangaea-910601,"Relative abundance of intact polar lipid classes in soils, roots, fungi, collembola, amoebae and bacteria",10.1594/PANGAEA.910601,2023-01-12T13:31:31.731927,2023-08-04T09:33:54.202673,CC-BY-4.0
01a122f7-8b73-493a-8f1e-6a6cfdb885fd,png-doi-10-1594-pangaea-890385,Age determination of Martin_core1 peat core,10.1594/PANGAEA.890385,2023-01-12T13:31:20.004613,2023-08-04T09:33:48.379937,CC-BY-3.0
02583b37-69a7-4e67-b64e-22e3059f8d6b,rdr-doi-10-35097-996,Deliver,10.35097/996,2023-05-02T07:10:19.227301,2023-08-04T09:28:00.681796,CC BY-NC-ND 4.0 Attribution-NonCommercial-NoDerivs
026129d5-4b1e-487b-afb3-aedd981eac67,rdr-doi-10-22000-773,Gerdinggrl2018,10.22000/773,2023-01-12T13:30:51.199939,2023-08-04T09:24:27.545900,CC BY 4.0 Attribution
02a90a88-19c9-4542-9410-6741782427bf,dataset-for-service-example,Dataset for Service Example,10.57702/ga9wy6p8,2023-06-26T06:01:40.477622,2023-06-26T06:03:01.067999,License not specified
02b1a9a5-046e-4c06-a36e-d052a586e06e,rdr-doi-10-22000-385,1.5 forschungsethik und forschungsdaten,10.22000/385,2023-01-12T13:30:31.124570,2023-08-04T09:24:17.175491,CC BY 4.0 Attribution
02b30ac7-c14e-413b-88f0-91048a6219fa,png-doi-10-1594-pangaea-932936,"Aboveground biomass of plant functional groups from a climate and land-use gradient in Mongolian rangelands, sampled in 2014 and 2015",10.1594/PANGAEA.932936,2023-01-12T13:31:22.177711,2023-08-04T09:33:49.546715,CC-BY-4.0
0564ac6a-aeff-4704-892b-43db74f6f836,rdr-doi-10-48606-64,Twinnetworkdataset007,10.48606/64,2023-05-02T07:10:14.123886,2023-08-04T09:27:58.819413,CC BY 4.0 Attribution
05d70b11-29a9-4248-b5d6-7f092914d041,rdr-doi-10-22000-798,"Detailed geomorphological mapping based on geographic information systems and remote sensing data of jena and surrounds, germany",10.22000/798,2023-05-02T07:10:09.139315,2023-08-04T09:27:56.603536,CC0 1.0 Universal Public Domain Dedication
0630be3e-3934-4450-922e-02bb6ca049a2,rdr-doi-10-22000-53,Synthetic pdf testset for file format validation,10.22000/53,2023-01-12T13:30:34.441124,2023-08-04T09:24:18.822607,CC BY-SA 4.0 Attribution-ShareAlike
064ee904-5345-43da-b6d2-7b771a928a2b,luh-triphyophyllum-in-vitro-rooting,Triphyophyllum in vitro rooting,10.25835/9jnx1x1b,2023-05-02T07:05:24.798616,2023-08-04T08:46:52.951366,CC-BY-3.0
067103ae-3990-4d9c-bf33-6e2f46c4055d,png-doi-10-1594-pangaea-910740,Relative abundance of intact polar lipid species in soils,10.1594/PANGAEA.910740,2023-01-12T13:31:31.835046,2023-08-04T09:33:54.265599,CC-BY-4.0
06a2f674-9c3e-4f19-aea8-548c73f1c6c9,png-doi-10-1594-pangaea-836269,Geochemistry of Cricket Flat paleosol samples,10.1594/PANGAEA.836269,2023-01-12T13:31:26.431970,2023-08-04T09:33:51.629153,CC-BY-3.0
073e1086-d3fb-4c2c-bbfe-5eda1f5bcc8b,png-doi-10-1594-pangaea-878050,Age model of Lake Verney sediment core,10.1594/PANGAEA.878050,2023-01-12T13:31:29.481141,2023-08-04T09:33:53.055319,CC-BY-3.0
0774ec2b-0f0d-449c-a257-7f1328b36c16,rdr-doi-10-48606-58,Twinnetworkdataset002,10.48606/58,2023-05-02T07:10:12.971409,2023-08-04T09:27:58.254809,CC BY 4.0 Attribution
0798ca41-3369-4e33-9863-8fbd4351c7d0,png-doi-10-1594-pangaea-787132,"Granulometry, calcium carbonate content and radiocarbon ages of soil profiles obtained in Quinghai Province, northeast Tibet",10.1594/PANGAEA.787132,2023-01-12T13:31:15.825124,2023-08-04T09:33:46.289214,CC-BY-3.0
083db0ff-3932-47ed-a629-1b85f1f7ff9b,rdr-doi-10-22000-451,"Supplementary data for ""synthesis and biological evaluation of highly potent fungicidal deoxy-hygrophorones""",10.22000/451,2023-01-12T13:30:32.853908,2023-08-04T09:31:32.573753,CC BY 4.0 Attribution
084ddc45-d436-47fb-a18a-537f5b247d16,rdr-doi-10-48606-87,Twinnetworkdataset029,10.48606/87,2023-05-02T07:10:16.476260,2023-08-04T09:27:59.792750,CC BY 4.0 Attribution
0969f4ea-3021-4377-b27f-30b13723e4e3,png-doi-10-1594-pangaea-786596,(Table 2) Counts of Acari and Collembola species on stones at several sites in northern Victoria Land,10.1594/PANGAEA.786596,2023-01-12T13:31:23.848437,2023-08-04T09:33:50.454185,CC-BY-3.0
09ed4d5d-7fcd-4ce3-9ba5-8cf42d57ee2c,rta-dataset,RTA Dataset,10.57702/vxfoys1w,2023-08-10T21:19:34.576708,2023-08-10T22:16:05.323573,License not specified
0a4d8d4e-f881-48f5-82e8-20c2c635e8bd,luh-stem-ecr-v1-0,STEM-ECR-v1.0,10.25835/0017546,2021-10-14T10:16:07.262891,2023-08-04T08:46:48.328452,CC-BY-SA-3.0
0a6df4ad-d4be-4cbb-a2db-9b469c9af87f,png-doi-10-1594-pangaea-918920,Consumption rates and food selectivity data from Alpine soil macro-decomposers fed on a wide range of litter types in a microcosm cafeteria experiment,10.1594/PANGAEA.918920,2023-01-12T13:31:21.511190,2023-08-04T09:33:49.220309,CC-BY-NC-4.0
0c153c45-3b7d-498e-8872-44b80cc7e27d,rdr-doi-10-22000-318,"Sims data for publication ""mechanisms of lipid preservation in archaeological clay ceramics revealed by mass spectrometry imaging"" (2020)",10.22000/318,2023-01-12T13:30:28.259319,2023-08-04T09:24:15.541456,CC BY-NC 4.0 Attribution-NonCommercial
0c397b7e-a2d0-42df-9764-2ffb6a6b0422,png-doi-10-1594-pangaea-903801,Agricultural Gebesee test site (central Germany): extent and location of acreages investigated in 2016,10.1594/PANGAEA.903801,2023-01-12T13:31:31.474081,2023-08-04T09:33:54.062263,CC-BY-NC-4.0
0e15f053-4371-462d-8a6b-83723c7a6e1f,rdr-doi-10-22000-336,"Karakorum, mongolia, finds, samples, and iron per m-grid dataset (kar-2)",10.22000/336,2023-01-12T13:30:29.095260,2023-08-04T09:24:16.022602,CC BY-NC-ND 4.0 Attribution-NonCommercial-NoDerivs
0f5f5b18-7f4b-46c9-9684-58a048066be8,rdr-doi-10-22000-459,"Melanoma immunosurveillance by cd4 t cells, phd thesis of emma bawden",10.22000/459,2023-01-12T13:30:33.201650,2023-08-04T09:24:18.156695,CC BY 4.0 Attribution
0fbb6ce2-78e6-4081-bf7f-d2039d54d373,rdr-doi-10-22000-766,Ghoshgrl2023,10.22000/766,2023-05-02T07:10:18.009241,2023-08-04T09:28:00.571974,CC BY 4.0 Attribution
0fe1391e-b637-41d4-ac4f-37f6d24033d7,rdr-doi-10-48606-16,Embryonet_training-data: wt,10.48606/16,2023-01-12T13:30:59.737339,2023-08-04T09:27:54.451256,CC BY 4.0 Attribution
10b6a1bf-640b-47aa-b12c-854b0c598bdd,png-doi-10-1594-pangaea-858569,ISRIC-WISE - Global Soil Profile Data (ver. 3.1),10.1594/PANGAEA.858569,2023-01-12T13:31:19.068396,2023-08-04T09:33:47.923860,CC-BY-NC-3.0
10d2b556-e421-4c81-a92b-45b651ae5268,rdr-doi-10-22000-284,Generalized gametic relationships - a guide to practical implementation,10.22000/284,2023-01-12T13:30:24.914214,2023-08-04T09:24:13.813027,CC BY 4.0 Attribution
11544f02-05ea-4150-8312-fb4ca8fe859b,png-doi-10-1594-pangaea-910885,Relative abundance of intact polar lipid species in collembola,10.1594/PANGAEA.910885,2023-01-12T13:31:32.296784,2023-08-04T09:33:54.490056,CC-BY-4.0
12606b04-096a-4398-81c0-c4d0e92dae12,rdr-doi-10-48606-99,Dataset: combining molecular dynamics simulations and scoring method to computationally model ubiquitylated linker histones in chromatosomes,10.48606/99,2023-08-04T08:51:06.407592,2023-08-04T09:31:32.393984,GNU Lesser General Public License v3.0 only
127c7212-74ac-447d-ba25-ad578e58ac66,rdr-doi-10-48606-34,Embryonet_test-data: medaka,10.48606/34,2023-01-12T13:30:59.362562,2023-08-04T09:27:54.243337,CC BY 4.0 Attribution
13ba912b-032e-4c04-a9cc-2c7cbe2a9f4a,luh-image-text-classes,Semantic Image-Text-Classes,10.25835/0010577,2021-10-14T10:15:59.844003,2023-08-04T08:46:33.704402,CC-BY-NC-3.0
13c23bc0-ae5e-4e1c-aa49-a8ab2feb92c5,png-doi-10-1594-pangaea-807698,"Climate and soil characteristics and soil arthropod abundance on Anchorage, Signy and Falkland Islands",10.1594/PANGAEA.807698,2023-01-12T13:31:16.143656,2023-08-04T09:33:46.458739,CC-BY-3.0
14288f84-0533-4b07-b4d1-bf90181bac6a,png-doi-10-1594-pangaea-786597,(Table 1) Properties of topsoil samples obtained from several sites in northern Victoria Land,10.1594/PANGAEA.786597,2023-01-12T13:31:23.947712,2023-08-04T09:33:50.503696,CC-BY-3.0
15abe345-831e-448a-a371-5fb1c4099094,rdr-doi-10-58160-92,Neural representation of goal direction in the monarch butterfly brain,10.58160/92,2023-08-14T01:00:28.246714,2023-08-14T01:00:28.246722,CC BY-NC 4.0 Attribution-NonCommercial
15c4d03c-3cf4-41ae-acf4-2d98d22586fa,rdr-doi-10-22000-291,2 datenmarkt,10.22000/291,2023-01-12T13:30:25.471157,2023-08-04T09:24:14.120969,CC BY 4.0 Attribution
15c8b22c-f3d1-4918-8024-b64550a738cb,png-doi-10-1594-pangaea-961198,Rice crop phenology and management data across rice growing regions of India from 2000 to 2021,10.1594/PANGAEA.961198,2023-08-14T02:00:05.130748,2023-08-14T02:00:05.130756,
15d21b0a-70ef-4cfb-9a0f-a91c1a03a8c4,png-doi-10-1594-pangaea-819776,Molecular and biochemical analyses of wounding in mesocarp of peach (Prunus persica L. Batsch) ripe fruits,10.1594/PANGAEA.819776,2023-01-12T13:31:18.512042,2023-08-04T09:33:47.657966,CC-BY-3.0
16693d9f-07e1-4ff1-9ab6-87ca53305e1a,rdr-doi-10-22000-799,supporting information: chemical synthesis of trans 8-methyl-6-nonenoyl-coa and functional expression unravel capsaicin synthase activity encoded by the pun1 locus,10.22000/799,2023-01-12T13:30:54.420773,2023-08-14T01:00:12.646838,CC BY 4.0 Attribution
16a8a0b0-87cd-4551-8384-fbbdb55b5d1a,rdr-doi-10-48606-69,Twinnetworkdataset011,10.48606/69,2023-05-02T07:10:12.418681,2023-08-04T09:27:57.965736,CC BY 4.0 Attribution
1b52786e-fd5a-4911-b22b-b491293956ba,png-doi-10-1594-pangaea-786523,(Appendix S1) Concentrations of photosynthetic pigments in soils from five sites in northern Victoria Land,10.1594/PANGAEA.786523,2023-01-12T13:31:23.748742,2023-08-04T09:33:50.404576,CC-BY-3.0
1c2557a8-f152-46d0-a6a2-b6edaa3b0482,png-doi-10-1594-pangaea-914665,Projections of continental and global irrigated areas to 2050,10.1594/PANGAEA.914665,2023-01-12T13:31:21.168518,2023-08-04T09:33:49.008442,CC-BY-4.0
1cac4023-cce8-4205-8b71-75e79094dded,luh-oer-sample-data-set,OER sample data-set,10.25835/0094754,2021-10-14T10:16:03.514116,2023-08-04T08:46:41.363598,CC-BY-NC-3.0
1cc92020-e859-4a43-ba7c-0b68f9498a70,luh-tamperednews-news400-ijmir21,TamperedNews & News400 (IJMIR'21 Update),10.25835/lzcs481w,2023-01-12T13:14:28.134897,2023-08-04T08:46:50.539121,CC-BY-NC-3.0
1d7c95b3-7895-4504-982d-863c4934a464,rdr-doi-10-48606-73,Twinnetworkdataset015,10.48606/73,2023-05-02T07:10:12.543950,2023-08-04T09:27:58.039142,CC BY 4.0 Attribution
1def7028-cbd8-415a-abb8-bf834bed58e1,rdr-doi-10-48606-37,Embryonet_drug-screen_bml-2840,10.48606/37,2023-01-12T13:30:59.977940,2023-08-04T09:27:54.581616,CC BY 4.0 Attribution
1e041643-2846-4fd4-baeb-7dc761d1d7ab,rdr-doi-10-48606-74,Twinnetworkdataset016,10.48606/74,2023-05-02T07:10:14.963417,2023-08-04T09:27:59.180118,CC BY 4.0 Attribution
1e922cb3-8513-4381-863c-24cf3acfe8bb,rdr-doi-10-22000-432,"Supplemental data to publication ""a fitted sparse-group lasso for genome-based evaluations""",10.22000/432,2023-01-12T13:30:32.393225,2023-08-04T09:24:17.808418,CC BY 4.0 Attribution
1f360733-0a3c-4fb1-8ab2-6c5203e311ea,rdr-doi-10-22000-613,"Dft optimised coordinates to the publication ""manipulating electron transfer − the influence of substituents on novel copper guanidine quinoline complexes""",10.22000/613,2023-01-12T13:30:43.774641,2023-08-04T09:24:23.758675,CC BY-NC-SA 4.0 Attribution-NonCommercial-ShareAlike
200cc792-4a4f-4122-912f-6fbb5f899e5a,rdr-doi-10-48606-79,Twinnetworkdataset021,10.48606/79,2023-05-02T07:10:16.593897,2023-08-04T09:27:59.863938,CC BY 4.0 Attribution
21169f28-9bdf-425d-bffb-68aeed47c390,rdr-doi-10-48606-71,Twinnetworkdataset013,10.48606/71,2023-05-02T07:10:17.676065,2023-08-04T09:28:00.374392,CC BY 4.0 Attribution
21b43f26-5753-4c78-a45a-1b6b4bf2d44b,risk-dataset,Risk Dataset,10.57702/x3kktnky,2023-08-10T21:17:05.776361,2023-08-10T22:16:41.257180,License not specified
21fb644f-36c2-44af-81ca-381dd0a36f9d,png-doi-10-1594-pangaea-867309,Geochemistry of sediment core THU10-Mastercore of Lake La Thuile,10.1594/PANGAEA.867309,2023-01-12T13:31:28.690864,2023-08-04T09:33:52.675511,CC-BY-3.0
234ef5a2-79a1-429f-8b1a-9d9d5d1ddbf8,rdr-doi-10-22000-579,"Experimental data to the publication ""taking  the next step – model-based analysis of robust and non-toxic zn catalysts for the ring opening polymerization of lactide in the polymer melt""",10.22000/579,2023-01-12T13:30:42.620278,2023-08-04T09:28:06.437029,CC BY-NC-SA 4.0 Attribution-NonCommercial-ShareAlike
237cec6d-3ae5-43e9-8cbd-ae45605f5296,rdr-doi-10-22000-399,Bestandscontrolling - umfrage unter deutschen wissenschaftlichen bibliotheken (rohdaten der 181 teilnehmer),10.22000/399,2023-01-12T13:30:31.537209,2023-08-04T09:24:17.360099,CC BY 4.0 Attribution
24a4ce6c-9f6b-4c0d-9a85-b6168138b983,rdr-doi-10-22000-789,Soederamt2019,10.22000/789,2023-01-12T13:30:52.982038,2023-08-04T09:24:28.462855,CC BY 4.0 Attribution
24dea2a0-39bf-4a15-bf41-ed46c530f679,luh-stem-ner-60k,STEM-NER-60k,10.25835/heyid7l7,2023-01-12T13:14:26.388788,2023-08-04T08:46:48.461125,CC-BY-SA-3.0
24ff2bfc-384c-41f9-86ee-0b7919d38b87,png-doi-10-1594-pangaea-837761,"Plant species, biomass and environmental characteristics of relevés along the North America Arctic bioclimate gradient",10.1594/PANGAEA.837761,2023-01-12T13:31:16.563565,2023-08-04T09:33:46.677497,CC-BY-3.0
256b30ce-d645-4997-a7a0-8aa0ce91daec,luh-triphyophyllum_nutrient_analyses,Triphyophyllum_nutrient_analyses,10.25835/1qnvahnm,2023-05-02T07:05:24.968578,2023-08-04T08:46:53.143209,CC-BY-3.0
25a28ec2-f9a8-412f-a6e8-6808b66ef957,luh-trav-shacl-benchmarks-experimental-settings-and-evaluation,"Trav-SHACL: Benchmarks, Experimental Settings, and Evaluation",10.25835/0035739,2021-10-14T10:16:09.409413,2023-08-04T08:46:52.667584,CC-BY-3.0
25e0b97e-d8c9-485a-b5c4-48f3321057d3,rdr-doi-10-22000-414,"Research data to the manuscript ""light-field driven electronics in the mid-infrared regime: schottky rectification"" (doi: 10.1126/sciadv.abj5014)",10.22000/414,2023-01-12T13:30:42.344893,2023-08-04T09:24:23.079754,CC BY 4.0 Attribution
271c44f4-0a09-4761-a5d4-769a1536e3aa,png-doi-10-1594-pangaea-836267,Bulk density of Cricket Flat paleosol samples,10.1594/PANGAEA.836267,2023-01-12T13:31:26.188081,2023-08-04T09:33:51.530406,CC-BY-3.0
27592af1-c084-42a0-919d-3898ac83e66e,png-doi-10-1594-pangaea-886365,"Lithology of sediment core ROUGHILS, Rough Island, Ireland",10.1594/PANGAEA.886365,2023-01-12T13:31:19.551295,2023-08-04T09:33:48.179415,
27b8ea9c-13c9-4aa8-a4e1-13cfdb9f14a8,png-doi-10-1594-pangaea-807695,"(Table 2) Effects of open top chamber incubation on soil microclimate at study sites on Anchorage, Signy and Falkland Islands",10.1594/PANGAEA.807695,2023-01-12T13:31:25.300111,2023-08-04T09:33:51.115038,CC-BY-3.0
28384b4c-ee8a-4d38-886a-baee369430d9,cities-dataset,Cities Dataset,10.57702/o4gpzj30,2023-08-10T20:12:29.369668,2023-08-10T22:24:54.018704,License not specified
289a72e9-58be-47c1-bbdd-2bf04141c303,corruption-dataset,Corruption Dataset,10.57702/6luvpae3,2023-08-10T20:24:25.169222,2023-08-10T22:24:04.638157,License not specified
2c17f16d-9595-4804-8222-68c2636b8ea6,rdr-doi-10-22000-332,Soederjgr2020,10.22000/332,2023-01-12T13:30:28.989210,2023-08-04T09:24:15.960404,CC BY 4.0 Attribution
2d97d909-7d41-4024-b2a4-e8893d7c1f24,png-doi-10-1594-pangaea-878051,Loss on ignition of Lake Verney sediment core,10.1594/PANGAEA.878051,2023-01-12T13:31:29.588111,2023-08-04T09:33:53.106573,CC-BY-3.0
2ddc1f8f-bb4a-4c9e-ad4f-af551a6ecf54,luh-2022-oakland-usec-in-sdps-replication,"Replication Package: ""How Does Usable Security (Not) End Up in Software Products? Results From a Qualitative Interview Study""",10.25835/0089554,2021-10-14T10:15:52.291375,2023-08-04T08:46:16.962844,CC-BY-SA-3.0
2e274ab8-7422-4c17-8ceb-823531781b1b,png-doi-10-1594-pangaea-885416,"Soil pH value from the Jena Experiment (Main Experiment, year 2010)",10.1594/PANGAEA.885416,2023-01-12T13:31:30.660409,2023-08-04T09:33:53.655183,CC-BY-3.0
2ef44346-53a9-4661-9ca9-b628bd943dc5,rdr-doi-10-48606-30,Embryonet_test-data 2,10.48606/30,2023-01-12T13:31:00.320295,2023-08-04T09:27:54.789621,CC BY 4.0 Attribution
3040bf2b-6d68-4420-9610-18ef03a3230b,rdr-doi-10-22000-280,Updated results to publication “estimation of recombination rate and maternal linkage disequilibrium in half-sibs” (fron genet),10.22000/280,2023-01-12T13:30:24.771350,2023-08-04T09:24:13.744148,CC BY 4.0 Attribution
306b75c2-e850-4c0a-bd2d-b735f5686b51,png-doi-10-1594-pangaea-958737,Nature of agricultural and pastoral activities for lake Gers,10.1594/PANGAEA.958737,2023-08-04T09:33:06.008209,2023-08-04T09:33:54.776972,
306feefb-6f81-4a84-9eb9-f9649fc2c9da,rdr-doi-10-58160-84,Climate and landscape variables of study plots in landklif project,10.58160/84,2023-08-04T08:51:07.925808,2023-08-04T09:31:33.102997,CC BY-NC 4.0 Attribution-NonCommercial
3099f1e1-a112-4702-b64a-08a667b32905,rdr-doi-10-22000-305,4.4 disziplinspezifische und –konvergente fdm-projekte,10.22000/305,2023-01-12T13:30:27.000533,2023-08-04T09:24:14.919966,CC BY 4.0 Attribution
30ad712e-b796-4776-9557-93c2c603f36c,rdr-doi-10-22000-301,4 datenmanagement,10.22000/301,2023-01-12T13:30:26.539823,2023-08-04T09:24:14.683109,CC BY 4.0 Attribution
316edbe7-32c2-4e3f-8300-f26fd5865a62,rdr-doi-10-22000-546,"Supplemental data to publication ""evidence of rare misassemblies in the bovine reference genome revealed by population genetic metrics"" (animal genetics)",10.22000/546,2023-01-12T13:30:34.789042,2023-08-04T09:24:19.013621,CC BY 4.0 Attribution
32c25df1-49cb-4c5d-9a6b-b199e31340b1,png-doi-10-1594-pangaea-869774,"Abundance and species richness of flower visitors, flower trait functional diversity and flower trait community weighted mean in the Jena Experiment, 2005",10.1594/PANGAEA.869774,2023-01-12T13:31:29.106365,2023-08-04T09:33:52.893168,CC-BY-3.0
32e2736d-a903-44a2-8a3c-658fd4b4fee4,png-doi-10-1594-pangaea-899503,Characteristics of the alpine sites and related climate and erosion input data used for modelling,10.1594/PANGAEA.899503,2023-01-12T13:31:20.230680,2023-08-04T09:33:48.489092,
330edff2-1d63-46c0-b12e-86b67a8528d7,png-doi-10-1594-pangaea-854460,"Phosphorus fractions in soil of the Jena Experiment (Main Experiment, year 2007)",10.1594/PANGAEA.854460,2023-01-12T13:31:28.355137,2023-08-04T09:33:52.514184,CC-BY-3.0
33161006-051a-46b2-9965-3775ceff8b5b,png-doi-10-1594-pangaea-882212,(Table 5) Distribution and abundance of fishes of six river systems in the Southern Western Ghats,10.1594/PANGAEA.882212,2023-01-12T13:31:30.333555,2023-08-04T09:33:53.487349,CC-BY-NC-ND-3.0
33f4e8cd-6c31-44b7-815b-e90a66c601f6,rdr-doi-10-22000-347,Amiramjadimwr2020,10.22000/347,2023-01-12T13:30:29.908333,2023-08-04T09:24:16.490252,CC BY 4.0 Attribution
36288e5c-c60f-4788-a827-a4888279bdd4,rdr-doi-10-22000-499,Charuviljgra2022,10.22000/499,2023-01-12T13:30:33.744113,2023-08-04T09:24:18.464525,CC BY 4.0 Attribution
36aeaf19-8aed-4859-84a4-c39f72df1402,rdr-doi-10-22000-705,Luebken-frontiers-2022,10.22000/705,2023-01-12T13:30:47.712352,2023-08-04T09:24:25.793812,CC BY 4.0 Attribution
3701bbed-8683-4ed6-a4e9-1e23b4c6c542,railway-dataset,Railway Dataset,10.57702/88qof0uo,2023-08-10T21:14:16.821577,2023-08-10T22:17:03.231696,License not specified
37764e7a-26dd-4f13-b3d6-f4b82fb64180,rdr-doi-10-22000-779,Laskaragu2019,10.22000/779,2023-01-12T13:30:52.089233,2023-08-04T09:24:28.006754,CC BY 4.0 Attribution
390c16a7-8d8c-4c7c-9d0e-015c362d0c34,png-doi-10-1594-pangaea-903798,Sky photos from the agricultural Gebesee test site (central Germany) in 2016,10.1594/PANGAEA.903798,2023-01-12T13:31:31.063353,2023-08-04T09:33:53.889854,CC-BY-NC-4.0
39a9b1c1-14da-4397-8cf8-38f0fbe41959,rdr-doi-10-22000-680,"Analytical data belonging to the publication ""harnessing the polymer-particle duality of ultra-soft nanogels to stabilise smart emulsions""",10.22000/680,2023-01-12T13:30:54.538784,2023-08-04T09:27:51.909576,CC BY 4.0 Attribution
3a211767-cb3c-43e0-b52e-ed2277ea4e12,rdr-doi-10-48606-41,Embryonet_drug-screen_bml-2843_pt2,10.48606/41,2023-01-12T13:30:59.477530,2023-08-04T09:27:54.305533,CC BY 4.0 Attribution
3a2ea9db-9884-44e2-a3b9-9e326a6ec887,rdr-doi-10-22000-692,"Analytical data belonging to the publication ""beyond simple self-healing: how anisotropic nanogels adapt their shape to their environment""",10.22000/692,2023-05-02T07:10:11.785616,2023-08-04T09:27:57.670287,CC BY 4.0 Attribution
3afb333d-230f-4829-91bb-d4dd41bfdcfa,luh-vise,VisE-D: Visual Event Classification Dataset,10.25835/0072909,2021-10-14T10:16:09.918635,2023-08-04T08:46:53.962720,CC-BY-NC-3.0
3c10cea7-2634-435f-a206-9944f3269668,rdr-doi-10-22000-560,"Dataset for the plots of ""collective photon emission patterns from two atoms in free space""",10.22000/560,2023-01-12T13:30:34.911144,2023-08-04T09:24:19.075809,CC BY-NC 4.0 Attribution-NonCommercial
3c23ef7a-45e8-47a0-b635-ce39006d2ba7,luh-nlpcontributions-pilot-dataset,NLPContributionGraph Trial Dataset,10.25835/0019761,2021-10-14T10:16:03.354056,2023-08-04T08:46:41.227172,CC-BY-SA-3.0
3c26ff86-b869-4b86-952e-9e5b2771db81,png-doi-10-1594-pangaea-837757,(Supplement Table S2) Abundance of plant species (raw data) for 147 releves along the North America Arctic bioclimate gradient (2001-2006),10.1594/PANGAEA.837757,2023-01-12T13:31:26.534937,2023-08-04T09:33:51.678010,CC-BY-3.0
3c5ba9d0-c4f4-43c5-975e-926548b1f48b,rdr-doi-10-22000-341,"1.1 gesellschaftliche, technologische und internationale, nationalstaatliche bzw. bundeslandspezifische treiber",10.22000/341,2023-01-12T13:30:29.457751,2023-08-04T09:24:16.235525,CC BY 4.0 Attribution
3ce1c31d-5f32-41d8-959d-2eb06806da58,png-doi-10-1594-pangaea-788544,"Relative abundance of birds observed in plots in Granada, Colombia",10.1594/PANGAEA.788544,2023-01-12T13:31:24.846618,2023-08-04T09:33:50.907150,
3d3b1ae2-5a55-409b-8980-813781beb217,rdr-doi-10-22000-251,"Data archive for: thiele, wunderling, leyendecker (2019) multiplexed and single cell tracing of lipid metabolism, nature methods, https://doi.org/10.1038/s41592-019-0593-6",10.22000/251,2023-01-12T13:30:23.829456,2023-08-04T09:24:13.200919,CC BY-NC-SA 4.0 Attribution-NonCommercial-ShareAlike
3d5ea5cb-bb3f-4865-9044-78446801f97b,rdr-doi-10-22000-539,"Experimental data underlying the publication ""a point-like thermal light source as a probe for sensing light-matter interaction"" (doi: 10.1038/s41598-022-07668-5)",10.22000/539,2023-01-12T13:30:34.559105,2023-08-04T09:24:18.887326,CC BY-NC-SA 4.0 Attribution-NonCommercial-ShareAlike
3dd16f90-86a1-408f-8e60-3fbad9138018,png-doi-10-1594-pangaea-903800,Mean and standard deviation of hyperspectral surface reflectance acquired on the agricultural Gebesee test site (central Germany) in 2016,10.1594/PANGAEA.903800,2023-01-12T13:31:31.235735,2023-08-04T09:33:53.975840,CC-BY-NC-4.0
3df855f2-6bee-45be-85cb-c92408ac16d0,png-doi-10-1594-pangaea-899893,Elymus athericus encroachment experiment,10.1594/PANGAEA.899893,2023-01-12T13:31:20.348001,2023-08-04T09:33:48.555928,CC-BY-4.0
3e14711e-4f9e-41e6-b45d-063ef8e1af5c,png-doi-10-1594-pangaea-896941,Eastern North Carolina coastal vegetation inventory,10.1594/PANGAEA.896941,2023-01-12T13:31:20.126234,2023-08-04T09:33:48.432340,CC-BY-4.0
3e21f62f-f7f4-40bc-87e3-dedb0a6a251a,png-doi-10-1594-pangaea-815780,(Table 2) Physicochemical properties of mountainous tundra soils from the Rai-Iz Massif,10.1594/PANGAEA.815780,2023-01-12T13:31:25.849940,2023-08-04T09:33:51.378431,CC-BY-3.0
3e35417f-2b91-4a28-8465-a068c4a90567,png-doi-10-1594-pangaea-959854,Weather data at experimental rice sites across rice growing region of India from 2000 to 2021,10.1594/PANGAEA.959854,2023-08-04T09:32:51.475922,2023-08-14T02:00:04.983259,
3ed950c4-eab3-434a-aec4-ed0d2b9c7e31,power-plants-dataset,Power Plants Dataset,10.57702/nieza3e2,2023-08-10T21:12:36.236276,2023-08-10T22:17:15.569925,License not specified
3f34eb40-8bee-432c-bc9a-daad56ef07bb,rdr-doi-10-48606-85,Twinnetworkdataset027,10.48606/85,2023-05-02T07:10:17.400576,2023-08-04T09:28:00.229830,CC BY 4.0 Attribution
3fd7b5ae-8ab0-4c52-8994-2e84b311e2b6,rdr-doi-10-48606-18,Embryonet_training-data: bmp,10.48606/18,2023-01-12T13:30:58.288111,2023-08-04T09:27:53.687290,CC BY 4.0 Attribution
40375219-aae0-49ac-9ce0-1617d8a3c240,licenses-dataset,Licenses Dataset,10.57702/8m36935f,2023-08-10T20:59:40.027034,2023-08-10T22:19:37.475688,License not specified
40c4b7a8-a954-48ee-ba35-688e8183b806,png-doi-10-1594-pangaea-848922,"Dissolved organic carbon in soil solution of the Jena Experiment (Main Experiment, year 2002)",10.1594/PANGAEA.848922,2023-01-12T13:31:27.281740,2023-08-04T09:33:52.029942,CC-BY-3.0
4117332c-5d9b-42b4-b868-3516f4e6ca79,rdr-doi-10-48606-27,Embryonet_data: severities - acquifer,10.48606/27,2023-01-12T13:30:59.612245,2023-08-04T09:27:54.373438,CC BY 4.0 Attribution
414738c2-811e-43d9-b38c-206bd96fc903,rdr-doi-10-58160-86,Landscape composition of landuse classes from detailed land cover map and shannon diversity in series of buffer areas,10.58160/86,2023-08-04T08:51:07.416882,2023-08-04T09:31:32.902667,CC BY-NC 4.0 Attribution-NonCommercial
426c6abb-123c-4852-828c-88f599ce02d9,png-doi-10-1594-pangaea-867313,"Soil and sediment analyses of Lake La Thuile (Bauges, France)",10.1594/PANGAEA.867313,2023-01-12T13:31:17.133341,2023-08-04T09:33:46.961682,CC-BY-3.0
4389ae0c-4e90-4b80-a47a-dc17525e469c,rdr-doi-10-48606-8,"Data for ""can young-of-the-year invasive fish keep up with young-of-the-year native fish? a comparison of feeding rates between invasive sticklebacks and whitefish""",10.48606/8,2023-01-12T13:30:50.631515,2023-08-04T09:24:27.242246,CC BY 4.0 Attribution
43aa172c-8a59-4349-b570-a4be87f3a560,rdr-doi-10-22000-394,Metabarcoding invertebrate communities in a natural park,10.22000/394,2023-01-12T13:30:31.236202,2023-08-04T09:24:17.233302,CC BY 4.0 Attribution
445ef89f-97cc-4441-aea2-7f7b7412b858,rdr-doi-10-48606-40,Generating a conformational landscape of ubiquitin chains at atomistic resolution by back-mapping based sampling,10.48606/40,2023-01-12T13:30:57.688079,2023-08-04T09:27:53.476284,CC BY 4.0 Attribution
4500197b-2fbe-47ee-a24c-73726f0b1815,ports-nga-dataset,Ports NGA Dataset,10.57702/rhbwsihq,2023-08-10T21:07:27.172152,2023-08-10T22:18:48.443192,License not specified
4536c78f-fb9b-466f-8926-2b8253c88d4d,rdr-doi-10-22000-312,5.6 publikation und zitierung von digitalen forschungsdaten,10.22000/312,2023-01-12T13:30:27.779023,2023-08-04T09:24:15.315321,CC BY 4.0 Attribution
454b5df5-3070-4f0b-a553-f44578f8d2fa,rdr-doi-10-22000-447,Macotelagrl2021,10.22000/447,2023-01-12T13:30:32.731650,2023-08-04T09:24:17.986511,CC BY 4.0 Attribution
4608a35d-3824-4d60-a0a4-cc7c2f2b2fa8,luh-mm_claims,MM_Claims Dataset,10.25835/2lg7peic,2023-01-12T13:14:20.741869,2023-08-04T08:46:39.781666,CC-BY-NC-3.0
46f468f1-287c-42da-8b79-5699b3670f71,rdr-doi-10-58160-39,Distance between plots within the same quadrant for 179 landklif plots in landklif project,10.58160/39,2023-08-04T08:50:04.387736,2023-08-04T09:28:06.043048,CC BY-NC 4.0 Attribution-NonCommercial
4786a526-f6df-460a-a831-6b99aebee431,rdr-doi-10-48606-23,Embryonet_training-data: nodal,10.48606/23,2023-01-12T13:30:58.766077,2023-08-04T09:27:53.968140,CC BY 4.0 Attribution
47d3d35b-51dc-4240-98a9-24fb951c6c7b,png-doi-10-1594-pangaea-943160,Tropical agricultural soil respiration,10.1594/PANGAEA.943160,2023-01-12T13:31:22.971503,2023-08-04T09:33:49.973950,CC-BY-4.0
481f82b2-d0c6-42e4-9fa2-80b1d19d47d8,rdr-doi-10-22000-693,"Experimental maldi-tof-ms data to the publication ""effective ligand design: zinc complexes with guanidine hydroquinoline ligands for fast lactide polymerization and chemical recycling""",10.22000/693,2023-01-12T13:30:44.193169,2023-08-04T09:24:23.996940,CC BY-NC-SA 4.0 Attribution-NonCommercial-ShareAlike
485d29c2-fe3c-4dff-8ee4-009e8d2aa7ae,gtfs-madrid-bench,GTFS-Madrid-Bench,10.57702/ldr8qrii,2023-10-17T09:55:40.934271,2023-10-17T10:08:59.369754,License not specified
48aab805-d955-4946-8e06-921042ee60c7,png-doi-10-1594-pangaea-958842,Nature of agricultural and pastoral activities for lake La Thuile,10.1594/PANGAEA.958842,2023-08-04T09:33:06.504441,2023-08-04T09:33:55.014665,
48c88f80-2a0c-46ff-a3da-3c4d81454ad8,rdr-doi-10-57743-612,Data for smith & peters (2022) motor response vigour and visual fixation patterns reflect subjective valuation during intertemporal choice,10.57743/612,2023-01-12T13:30:42.744955,2023-08-04T09:24:23.218196,Other
490a98a9-24c4-4c3a-ac03-68c52595293c,png-doi-10-1594-pangaea-848925,"Dissolved organic carbon in soil solution of the Jena Experiment (Main Experiment, year 2005)",10.1594/PANGAEA.848925,2023-01-12T13:31:27.625573,2023-08-04T09:33:52.183933,CC-BY-3.0
492dc42e-df6c-4cba-bb4c-5562689627e6,countries-dataset,Countries Dataset,10.57702/9cslc81d,2023-08-10T20:26:19.002147,2023-08-10T22:23:53.802827,License not specified
4a5b1066-7eef-4963-999e-5d8bbdb561e0,airports-dataset,Airports Dataset,10.57702/7367ku93,2023-08-10T20:02:33.473236,2023-08-10T22:25:53.925663,License not specified
4a5ca3e1-10fa-4a45-bb65-543c3d1e8f19,rdr-doi-10-58160-88,Percentage of corn and raps from invekos 2019 for 100 - 5000 meters buffer area around landklif plots,10.58160/88,2023-08-04T08:51:08.052640,2023-08-04T09:31:33.172452,CC BY-NC 4.0 Attribution-NonCommercial
4ab90ce6-b514-487e-9e0a-1405b09465aa,rdr-doi-10-48606-38,Embryonet_drug-screen_bml-2843,10.48606/38,2023-01-12T13:30:58.989797,2023-08-04T09:27:54.107476,CC BY 4.0 Attribution
4c730b5c-9c0c-4b67-8c2a-15c63de693a3,rdr-doi-10-22000-300,"3.5 barrieren, hemmschwellen und gatekeeper",10.22000/300,2023-01-12T13:30:26.438172,2023-08-04T09:24:14.626400,CC BY 4.0 Attribution
4c78434a-2e90-49dd-b46e-9e96e95c906c,rdr-doi-10-48606-82,Twinnetworkdataset024,10.48606/82,2023-05-02T07:10:15.690843,2023-08-04T09:27:59.530351,CC BY 4.0 Attribution
4ce41b70-6175-428e-b7a4-8c52d6ceda60,sirene-dataset,Sirene Dataset,10.57702/ful1cbvq,2023-08-10T21:20:34.555783,2023-08-10T22:15:29.119783,License not specified
4d03c927-1877-4459-95a2-4a248e502765,gdacs-dataset,GDACS Dataset,10.57702/844faumg,2023-08-10T20:41:33.379837,2023-08-10T22:22:35.756475,License not specified
4d9fe52c-157b-4a34-9e8c-465713020493,png-doi-10-1594-pangaea-815782,"(Table 4) Forms of iron, aluminum, and silicon in mountainous tundra soils from the Rai-Iz Massif",10.1594/PANGAEA.815782,2023-01-12T13:31:26.067925,2023-08-04T09:33:51.479614,CC-BY-3.0
4da0a83d-cd1c-4686-91ae-830d8201815e,rdr-doi-10-22000-304,4.3 qualitätsmanagement,10.22000/304,2023-01-12T13:30:26.897261,2023-08-04T09:24:14.862785,CC BY 4.0 Attribution
4e1596b9-90da-4011-bfeb-51e52c5d27b0,dalicc-dataset,DALICC Dataset,10.57702/ew5yufsx,2023-08-10T20:31:05.873015,2023-08-10T22:23:29.132262,License not specified
4e5669cf-dad0-4797-86ed-5c05b650e387,rdr-doi-10-22000-694,"Research data to the manuscript ""evaluation of 4h-sic mosfet transfer characteristics using machine-learning techniques"", published in electronics letters, doi:10.1049/ell2.12752",10.22000/694,2023-05-02T07:10:08.330973,2023-08-04T09:27:56.264197,CC BY-NC 4.0 Attribution-NonCommercial
4e81c650-6b82-4a0a-bf3c-ab81394cf8df,paladin-benchmarks-experimental-settings-and-evaluation,"PALADIN: Benchmarks, Experimental Settings, and Evaluation",10.57702/kf5tc88r,2023-11-10T15:17:42.752028,2023-11-15T11:47:36.042250,Creative Commons Attribution Share-Alike
4f3d3a68-3c1d-467c-9d82-4bed6d9b8aff,luh-slideimages,SlideImages,10.25835/0037153,2021-10-14T10:16:06.497910,2023-08-04T08:46:47.564998,CC-BY-SA-3.0
4f50fe06-9047-4a92-a953-2ccb04af9bcf,icews-dataset,ICEWS Dataset,10.57702/2fz2y48u,2023-08-10T20:52:01.012760,2023-08-10T22:21:27.172035,License not specified
4f8239e5-edb5-442c-906b-f49baddf5e0b,rdr-doi-10-48606-78,Twinnetworkdataset020,10.48606/78,2023-05-02T07:10:15.269725,2023-08-04T09:27:59.322215,CC BY 4.0 Attribution
5019827d-3313-4cdf-9f31-d034fe99c543,rdr-doi-10-48606-20,Embryonet_training-data: ra,10.48606/20,2023-01-12T13:30:50.751200,2023-08-04T09:24:27.318391,CC BY 4.0 Attribution
5281c815-bd29-4e9d-a14d-9ffd75eccc29,rdr-doi-10-48606-55,Embryonet_statin_brightfield_perk_data,10.48606/55,2023-05-02T07:10:11.448258,2023-08-04T09:27:57.436187,CC BY 4.0 Attribution
52b3d4fd-cfef-491f-af7b-2e2899409c56,rdr-doi-10-22000-263,"Gis-based paleo-shoreline extraction toolbox - uplifted quartnernary terraces in oman. shoreline extraction, dating and uplift calculation",10.22000/263,2023-01-12T13:30:24.084811,2023-08-04T09:24:13.326564,CC BY-NC 4.0 Attribution-NonCommercial
52f27d0e-7c89-4a2d-bd2e-4b79e9269f3c,png-doi-10-1594-pangaea-807696,"(Table 3) Collembola and acari species composition in soils from Anchorage, Signy and Falkland Islands",10.1594/PANGAEA.807696,2023-01-12T13:31:25.437125,2023-08-04T09:33:51.168603,CC-BY-3.0
54d31417-e8d8-40c4-9e04-7feb44c20d50,png-doi-10-1594-pangaea-807694,"(Table 1) Climate and soil characteristics of study sites on Anchorage, Signy and Falkland Islands",10.1594/PANGAEA.807694,2023-01-12T13:31:25.169777,2023-08-04T09:33:51.064010,CC-BY-3.0
54ee8108-ccaa-4368-9565-b08d2896f636,rdr-doi-10-22000-604,"Analytical data belonging to the publication ""resolving the different bulk moduli within individual soft nanogels using small-angle neutron scattering""",10.22000/604,2023-01-12T13:30:43.983988,2023-08-04T09:24:23.881726,CC BY 4.0 Attribution
550147ac-6b2b-4098-a31a-45ad65b1384a,rdr-doi-10-22000-344,Grygalashvylyjastp2020,10.22000/344,2023-01-12T13:30:29.794602,2023-08-04T09:24:16.431963,CC BY 4.0 Attribution
5516d37f-4786-4685-9545-4d6a9eebf55f,rdr-doi-10-22000-593,Experimental data and optimised coordinates to the publication geometrical benchmarking and analysis of redox potentials of copper(i/ii) guanidine-quinoline complexes: comparison of semi-empirical tight-binding and dft methods and the challenge of describing the entatic state (part iii),10.22000/593,2023-01-12T13:30:43.015018,2023-08-04T09:24:23.352964,CC BY-NC-SA 4.0 Attribution-NonCommercial-ShareAlike
564ebfa1-24d0-41ab-b95b-ab9874c40bbb,png-doi-10-1594-pangaea-909132,Global dataset of historical yields v1.2 and v1.3 aligned version,10.1594/PANGAEA.909132,2023-01-12T13:31:21.047289,2023-08-04T09:33:48.943758,CC-BY-4.0
56981354-db47-419d-a4dd-e9449c6df126,rdr-doi-10-48606-91,Twinnetworkdataset033,10.48606/91,2023-05-02T07:10:17.556991,2023-08-04T09:28:00.302013,CC BY 4.0 Attribution
589c0f21-ca2a-4e57-bb6e-86d1b788d102,rdr-doi-10-22000-404,"Interview guideline, additional comments and milk feeding plans of a survey in western germany dairy farms",10.22000/404,2023-01-12T13:30:31.870158,2023-08-04T09:24:17.553620,CC BY 4.0 Attribution
59d595ab-6c09-455c-b0a7-e24ba1ac94d9,kgqa-datasets,KGQA-Datasets,10.57702/tue9isc6,2023-10-17T10:16:26.258373,2023-10-17T10:16:44.356419,License not specified
5a41fefe-6b9c-4f47-9863-7e748d308c0c,rdr-doi-10-22000-456,Charuvileps2022,10.22000/456,2023-01-12T13:30:47.161672,2023-08-04T09:24:25.496705,CC BY 4.0 Attribution
5a6be882-e1da-4ae1-8cf8-3add9abbe516,png-doi-10-1594-pangaea-787167,(Appendix 7) Pollen analysis of soil profiles obtained in the Nagqu area,10.1594/PANGAEA.787167,2023-01-12T13:31:24.735252,2023-08-04T09:33:50.857747,CC-BY-3.0
5bf43f94-7e1e-4c12-9080-b90d3036734f,rdr-doi-10-22000-405,Luebken-amt-2021,10.22000/405,2023-01-12T13:30:31.982978,2023-08-04T09:24:17.621234,CC BY 4.0 Attribution
5c459822-ee63-41d3-9e79-c88bdbe86810,rdr-doi-10-22000-361,"Supplementary data to publication ""effects of milk replacer (mr) meal size on feed intake, growth performance, and blood metabolites and hormones of calves fed mr with or without butyrate ad libitum: a cluster-analytic approach""",10.22000/361,2023-01-12T13:30:30.731453,2023-08-04T09:24:16.956802,CC BY 4.0 Attribution
5c9fa84f-60f0-484e-a112-b161b33c9521,png-doi-10-1594-pangaea-958959,Intensity index of agro-pastoral activity from lake Savine,10.1594/PANGAEA.958959,2023-08-04T09:33:07.154107,2023-08-04T09:33:55.325197,
5cb5c06c-423b-493c-aad6-2f4054c6b1f0,png-doi-10-1594-pangaea-867312,Age model of sediment core THU10-Mastercore of Lake La Thuile,10.1594/PANGAEA.867312,2023-01-12T13:31:28.989160,2023-08-04T09:33:52.838911,CC-BY-3.0
5e366399-2975-4c6a-be26-4de85ccb4c75,rdr-doi-10-22000-751,Data package: archival gossip,10.22000/751,2023-01-12T13:30:54.026108,2023-08-04T09:24:28.784897,CC BY-NC-SA 4.0 Attribution-NonCommercial-ShareAlike
5ea932c1-ab73-4cef-b0dd-fc5e642fa356,png-doi-10-1594-pangaea-787168,"Pedogeomorphology, geochronology and paleobotany of soil profiles obtained in the Nagqu area, central Tibet",10.1594/PANGAEA.787168,2023-01-12T13:31:15.938672,2023-08-04T09:33:46.343029,CC-BY-3.0
5ec324b1-3388-4470-885e-1341f6387cf5,png-doi-10-1594-pangaea-787131,"(Table 1) Granulometry, soil pH, carbonate content and color description of soil profiles obtained in Qinghai Province",10.1594/PANGAEA.787131,2023-01-12T13:31:24.182412,2023-08-04T09:33:50.602608,CC-BY-3.0
5f2180c2-be1d-45c3-a3c3-831f400b2f81,sdm-genomic-dataset,SDM-Genomic-Dataset,10.57702/4c9ivpgs,2023-10-17T09:28:29.260955,2023-10-17T10:55:15.956699,License not specified
5fe7cd7f-ba9a-4e49-a692-c6f5b1f04f3e,png-doi-10-1594-pangaea-848928,"Dissolved organic carbon in soil solution of the Jena Experiment (Main Experiment, year 2008)",10.1594/PANGAEA.848928,2023-01-12T13:31:28.002563,2023-08-04T09:33:52.355120,CC-BY-3.0
606fb904-272e-4274-ba12-9df6c8301b6a,rdr-doi-10-22000-306,5 datentransfer und -nachnutzung,10.22000/306,2023-01-12T13:30:27.106202,2023-08-04T09:24:14.976698,CC BY 4.0 Attribution
608c3c65-fe2d-477d-8fd5-1ec248ae3e5d,pipe-dataset,Pipe Dataset,10.57702/elfo5nx0,2023-08-10T21:05:20.806380,2023-08-10T22:18:59.888554,License not specified
60ac6abd-ebe3-475a-af4f-f25e4c3ab015,rdr-doi-10-22000-745,Histologische schnittserie kaulquappe der erdkröte,10.22000/745,2023-01-12T13:30:48.557687,2023-08-04T09:24:26.247433,CC BY-SA 4.0 Attribution-ShareAlike
60e002e5-ddf0-4684-bd0a-106e83041046,rdr-doi-10-48606-76,Twinnetworkdataset017,10.48606/76,2023-05-02T07:10:14.825365,2023-08-04T09:27:59.109274,CC BY 4.0 Attribution
6151dbf0-debf-4045-924f-c0e7956addd9,png-doi-10-1594-pangaea-958847,Pollen analyses of lake La Thuile,10.1594/PANGAEA.958847,2023-08-04T09:33:06.658246,2023-08-04T09:33:55.077046,
61d76cfb-a16c-4950-9dc8-8a553d0a068c,rdr-doi-10-22000-396,Chaugrl2021,10.22000/396,2023-01-12T13:30:31.421189,2023-08-04T09:24:17.302774,CC BY 4.0 Attribution
62bd00a3-88a4-4f28-b3bb-90b6db6f7b44,png-doi-10-1594-pangaea-836268,Lithology of Cricket Flat paleosol samples,10.1594/PANGAEA.836268,2023-01-12T13:31:26.329614,2023-08-04T09:33:51.579643,CC-BY-3.0
636dea8d-5136-46a6-a006-e020ec121ce0,rdr-doi-10-22000-775,Hegrl2018,10.22000/775,2023-01-12T13:30:51.460105,2023-08-04T09:24:27.655077,CC BY 4.0 Attribution
64fd1c85-ceda-4237-a624-fa9dd1766302,rdr-doi-10-48606-21,Embryonet_training-data: wnt,10.48606/21,2023-01-12T13:30:58.877615,2023-08-04T09:27:54.038615,CC BY 4.0 Attribution
650868f5-12bb-4e98-a1bc-c175e25cc111,rdr-doi-10-22000-478,Identification of novel bioactive natural products from species of xylariales v2,10.22000/478,2023-01-12T13:30:33.617530,2023-08-04T09:24:18.384871,CC BY-NC-ND 4.0 Attribution-NonCommercial-NoDerivs
6509e4fb-6b00-47f4-a2c0-35e8b69f36fb,companies-dataset,Companies Dataset,10.57702/u4ilysnn,2023-08-10T20:21:48.998148,2023-08-10T22:24:17.525239,License not specified
66060ff3-c2f0-4926-ab1a-620d10a6e49f,rdr-doi-10-48606-88,Twinnetworkdataset030,10.48606/88,2023-05-02T07:10:15.408034,2023-08-04T09:27:59.390975,CC BY 4.0 Attribution
672f2339-c57f-48f5-a681-b62acc50f488,service-example,Service Example,10.57702/onhcz265,2021-11-12T11:03:15.204772,2023-08-27T00:00:03.201119,License not specified
67f2eec8-f745-44ef-9766-b840b41676cb,png-doi-10-1594-pangaea-786524,"Floral and faunal characteristics and content of photosynthetic pigment in soils of northern Victoria Land, Antarctica",10.1594/PANGAEA.786524,2023-01-12T13:31:15.590642,2023-08-04T09:33:46.156614,CC-BY-3.0
689ef27b-f3e2-44fe-94a1-304ed58d39b9,rdr-doi-10-48606-53,Embryonet_mutant-inhibitor-antagonist-comparison,10.48606/53,2023-05-02T07:10:11.603561,2023-08-04T09:27:57.597814,CC BY 4.0 Attribution
68b7c83e-e045-4d8c-9972-4e24611140e8,rdr-doi-10-22000-501,Contejgra2021,10.22000/501,2023-01-12T13:30:33.851120,2023-08-04T09:24:18.522504,CC BY 4.0 Attribution
68d2d61a-767d-4ce3-a2fd-a4fd7db9146f,png-doi-10-1594-pangaea-787161,"(Table 1) Granulometry, geochemistry and soil description of profiles obtained in the Nagqu area",10.1594/PANGAEA.787161,2023-01-12T13:31:24.299809,2023-08-04T09:33:50.653366,CC-BY-3.0
6a85aa5b-29a6-458d-9f6f-58493f800e49,gentsch-2023-1,gentsch-2023-1,10.57702/yztrbsd4,2023-12-04T14:36:26.849091,2023-12-20T14:30:33.838831,Creative Commons CCZero
6b3d56db-2a25-45d7-ada6-4d3fa4f70dde,rdr-doi-10-22000-421,Hegrl2021b,10.22000/421,2023-01-12T13:30:32.124216,2023-08-04T09:24:17.683999,CC BY 4.0 Attribution
6bad27af-5c5a-4c14-886d-138fe6f60a28,png-doi-10-1594-pangaea-943118,Tropical agricultural soil carbon dynamics and related physicochemical properties,10.1594/PANGAEA.943118,2023-01-12T13:31:22.857166,2023-08-04T09:33:49.909951,CC-BY-4.0
6ea24050-f15b-476a-ab5a-8288a712650c,rdr-doi-10-22000-754,Kartoffelkaefer disc3d,10.22000/754,2023-01-12T13:30:49.204000,2023-08-04T09:24:26.517081,CC BY 4.0 Attribution
6f0ba6de-7b20-4823-81ff-e35579e1079c,genesis-dataset,Genesis Dataset,10.57702/b704g97b,2023-08-10T20:43:10.569591,2023-08-10T22:22:18.724302,License not specified
6fd7726d-5d42-41aa-9a8a-de3cc6ff0ac0,rdr-doi-10-22000-355,Chauess2020,10.22000/355,2023-01-12T13:30:30.253198,2023-08-04T09:24:16.680554,CC BY 4.0 Attribution
706ef1e2-cbc9-42b0-8cc8-30ebea0fd826,rdr-doi-10-22000-354,Gassmannjames2020,10.22000/354,2023-01-12T13:30:30.148690,2023-08-04T09:24:16.622240,CC BY 4.0 Attribution
719a7465-d9c3-471c-9b11-1b3e67bff813,rdr-doi-10-22000-293,2.2 wissenschaftlicher datenmarkt,10.22000/293,2023-01-12T13:30:25.673794,2023-08-04T09:24:14.233218,CC BY 4.0 Attribution
726e09dc-a78a-4276-ae15-a7bc5273cff3,png-doi-10-1594-pangaea-815779,(Table 1) Major element oxides in mountainous tundra soils from the Rai-Iz Massif,10.1594/PANGAEA.815779,2023-01-12T13:31:25.748812,2023-08-04T09:33:51.327684,CC-BY-3.0
72ae5dd7-95b3-47a5-81e8-61ede7fdb9d8,rdr-doi-10-22000-549,Huyghebaertrs2022,10.22000/549,2023-01-12T13:30:41.970316,2023-08-04T09:24:22.887338,CC BY 4.0 Attribution
73531d6c-05d7-4f39-b36d-b478f67b0487,rdr-doi-10-22000-272,"Desi-ms data for ""hptlc-desi-hrms based profiling of anthraquinones in complex mixtures – a proof-of-concept study using crude extracts of chilean mushrooms""",10.22000/272,2023-01-12T13:30:24.347912,2023-08-04T09:24:13.488115,CC BY 4.0 Attribution
73569927-95db-404e-b34d-6c34ae666041,rdr-doi-10-22000-513,Jaenangeo2021,10.22000/513,2023-01-12T13:30:34.062899,2023-08-04T09:24:18.638094,CC BY 4.0 Attribution
7389ccb5-a203-437e-ae59-13eba45c28e0,png-doi-10-1594-pangaea-882209,(Table 1) Study site and habitat characteristics of the investigated rivers in the Southern Western Ghats,10.1594/PANGAEA.882209,2023-01-12T13:31:30.099173,2023-08-04T09:33:53.383822,CC-BY-NC-ND-3.0
73d4d0ec-669e-48e4-a6f7-347a98e53306,png-doi-10-1594-pangaea-837760,(Supplement Table S4) Vegetation biomass according to sorted categories for releves along the North America Arctic bioclimate gradient,10.1594/PANGAEA.837760,2023-01-12T13:31:26.741602,2023-08-04T09:33:51.776406,CC-BY-3.0
741ae873-f072-4b48-b55b-1f5cb2304878,png-doi-10-1594-pangaea-910889,Relative abundance of intact polar lipid species in amoebae,10.1594/PANGAEA.910889,2023-01-12T13:31:32.405905,2023-08-04T09:33:54.542469,CC-BY-4.0
74639799-9777-4612-bc80-5113479d9108,png-doi-10-1594-pangaea-783635,FISH analysis of biofilm samples from five CANON reactors in Beijing,10.1594/PANGAEA.783635,2023-01-12T13:31:18.305819,2023-08-04T09:33:47.553340,CC-BY-3.0
749a884a-898c-4086-af91-fc9ff43984c2,rdr-doi-10-22000-288,1.2 deutschland in der european open science cloud,10.22000/288,2023-01-12T13:30:25.127881,2023-08-04T09:24:13.942437,CC BY 4.0 Attribution
74c05a4c-b5b3-4e7f-8871-bc8555bc8110,png-doi-10-1594-pangaea-932937,Vascular plant species richness along a climate and land-use gradient in Mongolian rangelands in 2014 and 2015,10.1594/PANGAEA.932937,2023-01-12T13:31:22.285512,2023-08-04T09:33:49.607074,CC-BY-4.0
74d6f839-abb3-4d9a-a3aa-12ca5f8c1660,rdr-doi-10-22000-311,5.5 beispiele für data sharing am deutschen klimarechenzentrum (dkrz),10.22000/311,2023-01-12T13:30:27.658427,2023-08-04T09:24:15.260745,CC BY 4.0 Attribution
763971a4-5a1c-4cc5-8e62-99a1961bfc48,rdr-doi-10-58160-85,Edge density of landuse patches from detailed land cover map in series of buffer areas,10.58160/85,2023-08-04T08:51:07.790975,2023-08-04T09:31:33.036658,CC BY-NC 4.0 Attribution-NonCommercial
772af649-1491-4c17-b41c-2e70f585ed0c,png-doi-10-1594-pangaea-910860,Relative abundance of intact polar lipid species in bacteria,10.1594/PANGAEA.910860,2023-01-12T13:31:32.060376,2023-08-04T09:33:54.371611,CC-BY-4.0
77849e2e-b89c-47d6-887c-e1ac5e5e5e5d,rdr-doi-10-48606-12,Dataset for “morphological defences and defence-cost-trade-offs in daphnia in response to two co-occurring invertebrate predators”,10.48606/12,2023-01-12T13:30:50.493844,2023-08-04T09:24:27.167917,CC BY 4.0 Attribution
789123a9-d285-47bd-be39-424e602c4571,png-doi-10-1594-pangaea-787162,(Table 2) Macroremains in soil profiles obtained in the Nagqu area,10.1594/PANGAEA.787162,2023-01-12T13:31:24.430410,2023-08-04T09:33:50.704522,CC-BY-3.0
78c83ea8-0167-4661-b140-ec23e39735e9,ukch-dataset,UKCH Dataset,10.57702/xsq5ctng,2023-08-10T21:23:36.530254,2023-08-10T22:14:57.803874,License not specified
78f34acd-ab5d-419a-a2c9-e10b7378b491,rdr-doi-10-22000-315,Vorwort der herausgeberinnen und des herausgebers,10.22000/315,2023-01-12T13:30:28.148955,2023-08-04T09:24:15.484372,CC BY 4.0 Attribution
7952cc3b-3afc-4707-9aee-379a7a203b17,rdr-doi-10-22000-294,2.3 urbane datenräume und digitale gemeingüter - instrumente für open government und mehr,10.22000/294,2023-01-12T13:30:25.786673,2023-08-04T09:24:14.288010,CC BY 4.0 Attribution
7acc60dc-7cb9-4418-870e-9cc6bc41c2c8,png-doi-10-1594-pangaea-910873,Relative abundance of intact polar lipid species in fungi,10.1594/PANGAEA.910873,2023-01-12T13:31:32.173909,2023-08-04T09:33:54.438328,CC-BY-4.0
7af644c9-9e5e-45be-9305-627d3195ec9e,png-doi-10-1594-pangaea-958701,Nature of agricultural and pastoral activities for lake Anterne,10.1594/PANGAEA.958701,2023-08-04T09:33:05.886494,2023-08-04T09:33:54.715747,
7c082061-6ceb-41ee-9209-10f196252848,rdr-doi-10-22000-458,Online_appendix_jpipe.pdf,10.22000/458,2023-01-12T13:30:33.072966,2023-08-04T09:24:18.099765,CC BY-NC-SA 4.0 Attribution-NonCommercial-ShareAlike
7c5ab9d5-04ea-44d6-992b-05600ada9c15,rdr-doi-10-22000-681,"Analytical data belonging to the publication ""experimental determination of the bulk moduli of hollow nanogels as model system for nanocarriers""",10.22000/681,2023-01-12T13:30:45.604802,2023-08-04T09:24:24.790354,CC BY 4.0 Attribution
7c894cbd-35c3-4ae2-a56e-1b0365875ba4,rdr-doi-10-22000-710,"Dataset supplementing the publication ""spaeth k., goetz-neunhoeffer f., hurle k. - the effect of cu2+  doping in β-tricalcium phosphate on the hydration mechanism of a brushite cement""",10.22000/710,2023-01-12T13:30:58.020798,2023-08-04T09:27:53.601876,CC BY 4.0 Attribution
7cd16f2d-9570-44c6-888a-5d1f43043c67,gleif-dataset,GLEIF Dataset,10.57702/kfuxpknz,2023-08-10T20:47:06.415139,2023-08-10T22:21:54.377645,License not specified
7d011650-9cbb-48ef-8225-cf2f7398799a,rdr-doi-10-22000-289,1.3 förderpolitische maßgaben,10.22000/289,2023-01-12T13:30:25.238714,2023-08-04T09:24:14.001951,CC BY 4.0 Attribution
7d22cd35-0c91-4716-914b-c443fc8f4482,rdr-doi-10-48606-77,Twinnetworkdataset019,10.48606/77,2023-05-02T07:10:13.127178,2023-08-04T09:27:58.324676,CC BY 4.0 Attribution
7e129911-4bed-4a69-8abd-675267347762,png-doi-10-1594-pangaea-878056,Oxalates of Lake Verney sediment core,10.1594/PANGAEA.878056,2023-01-12T13:31:29.995877,2023-08-04T09:33:53.330504,CC-BY-3.0
7ecb42de-b36d-457e-bfa6-4e83486ad900,png-doi-10-1594-pangaea-882211,(Table 3) Indices of diversity of fishes respective to altitudes of six river systems in the Southern Western Ghats,10.1594/PANGAEA.882211,2023-01-12T13:31:30.210091,2023-08-04T09:33:53.435732,CC-BY-NC-ND-3.0
7f0f3196-00a4-40bb-98fb-5d0b8777d7a8,png-doi-10-1594-pangaea-961064,"Chronology, pollan, diatom, and geochemical data covering the last 3000 years of the Lake Lubińskie varved record (western Poland)",10.1594/PANGAEA.961064,2023-08-04T09:32:41.961602,2023-08-04T09:33:47.335206,CC-BY-4.0
8019d37d-489d-4c25-944d-ee33733b7df4,rdr-doi-10-22000-793,Vierineness2019,10.22000/793,2023-01-12T13:30:54.643016,2023-08-04T09:27:51.965697,CC BY 4.0 Attribution
801c7370-f615-41f3-afa8-80e7425827cf,rdr-doi-10-22000-237,Md-simulation-of-twinned-nanowires,10.22000/237,2023-01-12T13:30:23.696716,2023-08-04T09:24:13.138677,CC BY 4.0 Attribution
80f827ec-0343-42d3-9841-5fa59f5e830d,png-doi-10-1594-pangaea-885457,"Lithology of sediment core CAMILLA1, Camillan Wood, Ireland",10.1594/PANGAEA.885457,2023-01-12T13:31:19.261196,2023-08-04T09:33:48.022964,
81526280-9dab-44c6-9047-44256fef9ac1,monash-time-series-forecasting-repository,Monash Time Series Forecasting Repository,10.57702/phd0av56,2023-10-17T10:32:45.654431,2023-10-17T15:02:37.479278,License not specified
819af562-f7f4-4908-8d07-1e4bda908128,rdr-doi-10-22000-290,1.4 rechtliche aspekte des forschungsdatenmanagements,10.22000/290,2023-01-12T13:30:25.367478,2023-08-04T09:24:14.062255,CC BY 4.0 Attribution
82857846-446b-4335-8e6f-436e441ffe3c,png-doi-10-1594-pangaea-958886,Intensity index of agro-pastoral activity from lake Verney,10.1594/PANGAEA.958886,2023-08-04T09:33:07.038397,2023-08-04T09:33:55.263551,
829c7787-446b-47c1-bb65-27480c667adb,rdr-doi-10-22000-308,5.2 data retrieval,10.22000/308,2023-01-12T13:30:27.316447,2023-08-04T09:24:15.092472,CC BY 4.0 Attribution
82ddcb20-a582-4b24-b19f-d98e7b687e8f,rdr-doi-10-22000-295,3 datenkultur,10.22000/295,2023-01-12T13:30:25.914203,2023-08-04T09:24:14.344650,CC BY 4.0 Attribution
839f677d-4e97-4f7d-aea1-cb35947368e2,pdl-dataset,PDL Dataset,10.57702/m1gkv6y6,2023-08-10T21:03:18.013938,2023-08-10T22:19:15.760160,License not specified
842845d4-e0a6-4639-907b-4e9c33afb97b,png-doi-10-1594-pangaea-836270,"Geochemistry, lithology, and bulk density of Cricket Flat paleosol samples",10.1594/PANGAEA.836270,2023-01-12T13:31:16.449873,2023-08-04T09:33:46.623157,CC-BY-3.0
860d56cc-7e38-4d6d-8f87-ac93455ca7ce,png-doi-10-1594-pangaea-903827,"Gebesee Database for the enhancement of crop monitoring applications: evolution of plant physiology, soil moisture, surface reflectance and atmospheric conditions on the agricultural Gebesee test site (central Germany) in 2016",10.1594/PANGAEA.903827,2023-01-12T13:31:17.475234,2023-08-04T09:33:47.117191,CC-BY-NC-4.0
861e7d0d-1cab-4d68-8b29-1054f2eb7d37,rdr-doi-10-48606-84,Twinnetworkdataset025,10.48606/84,2023-05-02T07:10:17.122210,2023-08-04T09:28:00.159582,CC BY 4.0 Attribution
86332a2c-6983-4369-90f6-0f503f9544ea,tiva-dataset,Tiva Dataset,10.57702/ixhoru1z,2023-08-10T21:22:10.030728,2023-08-10T22:15:12.091476,License not specified
887a0ecb-d67c-46f0-9642-c9225f9acbfe,png-doi-10-1594-pangaea-878054,Element intensities of Lake Verney sediment core,10.1594/PANGAEA.878054,2023-01-12T13:31:29.894312,2023-08-04T09:33:53.276829,CC-BY-3.0
88853aec-2007-4cda-bead-c410620d4848,png-doi-10-1594-pangaea-869775,"Abundance and species richness of flower visitors, flower trait functional diversity and flower trait community weighted mean in the Jena Experiment, 2006",10.1594/PANGAEA.869775,2023-01-12T13:31:29.219402,2023-08-04T09:33:52.948475,CC-BY-3.0
88b23a1e-c6ad-4f8d-a5c8-0fcba9454b83,png-doi-10-1594-pangaea-885600,"Pollen profile CAMILLA1, Camillan Wood, Ireland",10.1594/PANGAEA.885600,2023-01-12T13:31:19.454904,2023-08-04T09:33:48.121986,
8a76bf84-e226-45a2-ae1d-9bb0150c52df,rdr-doi-10-22000-774,Grygalashvylyacp2018,10.22000/774,2023-01-12T13:30:51.333774,2023-08-04T09:24:27.599708,CC BY 4.0 Attribution
8a7a2494-2cbc-4d97-80b9-8eac3875a4df,rdr-doi-10-22000-310,5.4 datenvisualisierung,10.22000/310,2023-01-12T13:30:27.518967,2023-08-04T09:24:15.205112,CC BY 4.0 Attribution
8a9b21e2-be4c-469d-b606-5f2507b753be,rdr-doi-10-22000-514,Heacp2018,10.22000/514,2023-01-12T13:30:34.162827,2023-08-04T09:24:18.694145,CC BY 4.0 Attribution
8aced5fe-9dd3-47e6-8316-3cdf6250ecd6,rdr-doi-10-48606-28,Embryonet_data: severities - keyence,10.48606/28,2023-01-12T13:31:00.204070,2023-08-04T09:27:54.715119,CC BY 4.0 Attribution
8c05fff1-7268-45b0-a025-5d4082d0c54e,png-doi-10-1594-pangaea-787163,(Table 3) AMS radiocarbon datings of soil profiles obtained in the Nagqu area,10.1594/PANGAEA.787163,2023-01-12T13:31:24.530289,2023-08-04T09:33:50.755921,CC-BY-3.0
8d2748b8-2af9-489b-9f35-ebec2f4c2b4a,rdr-doi-10-22000-446,Renkwitzjastp2021,10.22000/446,2023-01-12T13:30:32.620100,2023-08-04T09:24:17.931080,CC BY 4.0 Attribution
8d579fcc-06e8-4ca3-bb99-4f11e77fdef2,luh-iocw-image_description_templates,IOCW-Image_Description_Templates,10.25835/0084480,2021-10-14T10:16:00.601062,2023-08-04T08:46:35.642074,CC-BY-NC-3.0
8d8e09ca-a73e-444f-958b-342c028199a5,png-doi-10-1594-pangaea-958885,Intensity index of agro-pastoral activity from lake Gers,10.1594/PANGAEA.958885,2023-08-04T09:33:06.917383,2023-08-04T09:33:55.195558,
8e552581-5574-4e6c-8c2a-2c18db1b2503,rdr-doi-10-22000-292,2.1 kommerzielle datenmärkte,10.22000/292,2023-01-12T13:30:25.570646,2023-08-04T09:24:14.177456,CC BY 4.0 Attribution
8e78d2b3-48fc-4038-a75e-64e5485668b9,rdr-doi-10-22000-276,"Raw data for ""the tapetal major facilitator npf2.8 is required for accumulation of flavonol glycosides on the pollen surface in arabidopsis thaliana""",10.22000/276,2023-01-12T13:30:24.642431,2023-08-04T09:24:13.675348,CC BY 4.0 Attribution
8faaddea-4700-4b13-a7f0-80f50fa5287b,rdr-doi-10-22000-296,3.1 bewusstseinsbildung im curriculum,10.22000/296,2023-01-12T13:30:26.018708,2023-08-04T09:24:14.400114,CC BY 4.0 Attribution
8fb63933-4916-473b-b06d-17f07e258991,png-doi-10-1594-pangaea-886682,"Pollen profile ROUGHISL, Rough Island, Ireland",10.1594/PANGAEA.886682,2023-01-12T13:31:19.753694,2023-08-04T09:33:48.274841,
90e8a646-8404-441e-9dec-e84998178e05,rdr-doi-10-22000-313,Aktuelle entwicklung und herausforderungen im forschungsdatenmanagement in deutschland,10.22000/313,2023-01-12T13:30:27.939199,2023-08-04T09:24:15.370296,CC BY 4.0 Attribution
91b58016-cde6-4a4f-bc6a-4a9d40dbedea,rdr-doi-10-48606-32,Embryonet_training-data: stickleback,10.48606/32,2023-01-12T13:30:58.531600,2023-08-04T09:27:53.834309,CC BY 4.0 Attribution
921c3fe9-eafc-4b5a-8deb-a817e6756b7e,rdr-doi-10-22000-528,Dalbergia monetaria proanthocyanidin,10.22000/528,2023-01-12T13:30:42.209182,2023-08-14T01:00:10.610083,CC BY 4.0 Attribution
92290ded-8a2f-48ef-b03d-55aeb889a51f,png-doi-10-1594-pangaea-848924,"Dissolved organic carbon in soil solution of the Jena Experiment (Main Experiment, year 2004)",10.1594/PANGAEA.848924,2023-01-12T13:31:27.519690,2023-08-04T09:33:52.132359,CC-BY-3.0
92c18e47-6140-4e12-bf62-762ada618be5,png-doi-10-1594-pangaea-787166,(Appendix 4) Major element oxides and iron compounds of soil profiles obtained in the Nagqu area,10.1594/PANGAEA.787166,2023-01-12T13:31:24.633297,2023-08-04T09:33:50.806615,CC-BY-3.0
93274a3d-7677-41c3-a37a-d84c7a0ee292,rdr-doi-10-48606-35,Embryonet_training-data: medaka,10.48606/35,2023-01-12T13:30:58.408211,2023-08-04T09:27:53.754472,CC BY 4.0 Attribution
936561c7-d40e-4550-8bf4-f55cbcd8ce12,rdr-doi-10-57743-891,"Code matrix and reference list of systematic reviews included in the integrative review from the paper ""between anything goes and methodical rigor - an empirical analysis of systematic literature reviews in adult education research.""",10.57743/891,2023-05-02T07:10:08.555726,2023-08-04T09:27:56.383443,CC BY 4.0 Attribution
93b776f3-0f90-48c4-a2fd-bed7bcb89982,png-doi-10-1594-pangaea-915127,Pore measurements on moraine topsoils using Computed Tomography which were sampled at Sustenpass and Klausenpass in the Swiss Alps in 2017,10.1594/PANGAEA.915127,2023-01-12T13:31:21.280683,2023-08-04T09:33:49.072851,CC-BY-4.0
94f14772-3632-4e1f-a60e-99afb82b293a,png-doi-10-1594-pangaea-787129,(Table 2) AMS radiocarbon datings of soil profiles obtained in Qinghai Province,10.1594/PANGAEA.787129,2023-01-12T13:31:24.052201,2023-08-04T09:33:50.552960,CC-BY-3.0
956f3e67-4d32-4f91-a2bd-44444f7ba231,rdr-doi-10-22000-156,"Supplemental data to publication ""selection signatures in four german warmblood horse breeds: tracing breeding history in the modern sport horse"" (plos one)",10.22000/156,2023-01-12T13:30:23.564187,2023-08-04T09:24:13.075223,CC BY 4.0 Attribution
9709bf47-b95a-40b3-ae1d-2749b8c62b06,png-doi-10-1594-pangaea-878058,"Age model, LOI, grain-sizes and geochemistry of Lake Verney sediment sequence",10.1594/PANGAEA.878058,2023-01-12T13:31:17.239252,2023-08-04T09:33:47.013992,CC-BY-3.0
9745a3e6-eaa6-4132-bdf1-8942aca7c438,rdr-doi-10-22000-792,Tanakajgr2019,10.22000/792,2023-01-12T13:30:53.094097,2023-08-04T09:24:28.514692,CC BY 4.0 Attribution
985d4d29-e2cd-4114-84b7-b4526a726ab5,png-doi-10-1594-pangaea-900983,Mediterranean-wide pollen-inferred Holocene vegetation classification,10.1594/PANGAEA.900983,2023-01-12T13:31:20.582504,2023-08-04T09:33:48.715408,CC-BY-4.0
989f3ee4-2a78-4b87-a6ec-cd5dd559a031,rdr-doi-10-48606-81,Twinnetworkdataset023,10.48606/81,2023-05-02T07:10:13.595401,2023-08-04T09:27:58.538533,CC BY 4.0 Attribution
98c1ba5e-c1ef-4742-a4d0-e5a805900bed,png-doi-10-1594-pangaea-815781,(Table 3) Particle size distribution of mountainous tundra soils from the Rai-Iz Massif,10.1594/PANGAEA.815781,2023-01-12T13:31:25.952121,2023-08-04T09:33:51.427488,CC-BY-3.0
9a543389-6c85-4c50-98ec-d199073baf70,industries-dataset,Industries Dataset,10.57702/52h2udb5,2023-08-10T20:54:18.537689,2023-08-10T22:21:17.319858,License not specified
9abe29b8-abcd-4441-9e6e-1f4775acc41c,rdr-doi-10-48606-86,Twinnetworkdataset028,10.48606/86,2023-05-02T07:10:15.914726,2023-08-04T09:27:59.598304,CC BY 4.0 Attribution
9ae03d7b-f02d-4df2-bde6-49728e834027,gta-dataset,GTA Dataset,10.57702/vos2p0zy,2023-08-10T20:49:03.832131,2023-08-10T22:21:38.711637,License not specified
9caa9b89-d6b6-4422-be9e-8255a9357885,rdr-doi-10-22000-43,Date estimation in the wild dataset,10.22000/43,2023-01-12T13:30:32.247528,2023-08-04T09:24:17.740895,CC BY 4.0 Attribution
9e05627c-bcf3-43e0-9ccb-bbc67699290d,png-doi-10-1594-pangaea-885415,"Soil pH value from the Jena Experiment (Main Experiment, year 2002)",10.1594/PANGAEA.885415,2023-01-12T13:31:30.559487,2023-08-04T09:33:53.594196,CC-BY-3.0
9e7d3aa5-120c-499e-83b9-28c45b79060f,ldm-demo,LDM Demo,10.57702/wb5bok01,2022-05-25T12:08:13.820212,2022-06-07T06:25:11.329115,Creative Commons Attribution Share-Alike
9fd65013-0056-4872-b072-f5a4b0cf5a7f,rdr-doi-10-22000-518,Ear tag wounds in unweaned dairy calves – data,10.22000/518,2023-01-12T13:30:34.279274,2023-08-04T09:24:18.750076,CC BY 4.0 Attribution
a0545501-8789-4efe-a372-293e27ac3a3d,png-doi-10-1594-pangaea-917583,Trajectories Nutrient Dataset for Nitrogen (TREND-nitrogen),10.1594/PANGAEA.917583,2023-01-12T13:31:21.399405,2023-08-04T09:33:49.139168,CC-BY-4.0
a106b0dc-4f5a-4d04-9cdb-88b3427d8c92,luh-orkg-similar-papers-recommendation-service-evaluation-dataset,ORKG Similar Papers Recommendation Service Evaluation Dataset,10.25835/qftvbgo4,2023-02-22T08:31:26.282375,2023-08-04T08:46:42.289004,CC-BY-SA-3.0
a1a1bf31-48c8-45e3-8a97-c07dbf6ba672,png-doi-10-1594-pangaea-919119,Carbon Isotope Signatures and Polyarenes in the Pedogenic Material of Ice Wedges of the Batagay Yedoma (Yakutia),10.1594/PANGAEA.919119,2023-01-12T13:31:21.624090,2023-08-04T09:33:49.275127,CC-BY-4.0
a1ae9d8b-eb58-4611-9d4b-59d147299531,disaster-dataset,Disaster Dataset,10.57702/fa8c6kq1,2023-08-10T20:33:42.391168,2023-08-10T22:23:14.054473,License not specified
a28770ef-17da-456c-886c-1e2f11985e17,code-error-correction-properties-of-an-topological-insulator,Code: Error-correction properties of an topological insulator,,2021-07-23T10:18:26.020147,2021-07-23T10:19:34.751108,Creative Commons Attribution
a2c04d9d-f07d-4caf-99cf-c07b7cbb3671,png-doi-10-1594-pangaea-882214,"Freshwater fauna and habitat characteristics of rivers in the Southern Western Ghats, India",10.1594/PANGAEA.882214,2023-01-12T13:31:17.345700,2023-08-04T09:33:47.064320,CC-BY-NC-ND-3.0
a37844d6-c229-4bec-a71c-8bb2763a5867,rdr-doi-10-48606-29,Embryonet_test-data 1,10.48606/29,2023-01-12T13:31:00.555626,2023-08-04T09:27:54.927819,CC BY 4.0 Attribution
a40c77cc-bf5a-4b95-a198-e326cda0acf8,rdr-doi-10-22000-786,Linderazulen aus einer invasiven pflanze,10.22000/786,2023-01-12T13:30:53.448954,2023-08-04T09:31:32.778649,CC BY 4.0 Attribution
a40e0cc1-d314-4dcc-9fe2-ac68ff336b7e,country-statistics-dataset,Country Statistics Dataset,10.57702/5s0qj3ja,2023-08-10T20:29:14.395191,2023-08-10T22:23:41.234202,License not specified
a42fe0cb-88fb-4c85-91db-92197cf096e1,luh-extended-mp-16-dataset,Extended MP-16 Dataset,10.25835/9cjjdkga,2023-01-12T13:14:12.885108,2023-08-04T08:46:29.553969,ODbL-1.0
a4789ae9-966b-4bca-87ee-5313a889d865,rdr-doi-10-22000-758,Keks disc3d,10.22000/758,2023-01-12T13:30:49.514986,2023-08-04T09:24:26.677920,CC BY 4.0 Attribution
a4b1b3e4-0fec-4918-86bf-21cb1c902d39,rdr-doi-10-22000-298,3.3 schulungs- und beratungskonzepte,10.22000/298,2023-01-12T13:30:26.222914,2023-08-04T09:24:14.513958,CC BY 4.0 Attribution
a56af398-d46c-4883-af24-4dc4e6b1246f,luh-an-interview-study-on-the-use-comprehension-and-perceived-risks-of-unsafe-rust,"An Interview Study on the Use, Comprehension, and Perceived Risks of Unsafe Rust",10.25835/gggv8xg7,2023-08-04T08:46:18.932595,2023-08-04T08:46:18.932600,CC-BY-SA-3.0
a68dbbb2-9596-4b79-a3d9-9ba57225f5cb,rdr-doi-10-48606-68,Twinnetworkdataset010,10.48606/68,2023-05-02T07:10:13.988391,2023-08-04T09:27:58.749484,CC BY 4.0 Attribution
a6973c7b-2147-4339-ae0b-234e2541f164,png-doi-10-1594-pangaea-885509,"Age determination of sediment core CAMILLA1, Camillan Wood, Ireland",10.1594/PANGAEA.885509,2023-01-12T13:31:19.357843,2023-08-04T09:33:48.071928,
a6b6bfba-d789-45a7-b29c-058cd21ec310,png-doi-10-1594-pangaea-958744,Sporormiella spores concentration of lake Gers,10.1594/PANGAEA.958744,2023-08-04T09:33:06.120833,2023-08-04T09:33:54.836218,
a7b6e7a7-0897-45f3-9981-11f97703b787,png-doi-10-1594-pangaea-903797,Phenology photos from the agricultural Gebesee test site (central Germany) in 2016,10.1594/PANGAEA.903797,2023-01-12T13:31:30.924168,2023-08-04T09:33:53.803271,CC-BY-NC-4.0
a89f197f-95f6-43da-a11b-599b292b7df4,png-doi-10-1594-pangaea-874914,"Richness and phytogeography of the Cerrado's herb-shrub flora, link to maps in GeoTIFF format",10.1594/PANGAEA.874914,2023-01-12T13:31:19.163360,2023-08-04T09:33:47.973240,CC-BY-NC-3.0
a8d0fe0e-4dd5-44fd-8c13-26ad742e7ee6,png-doi-10-1594-pangaea-886512,"Age determination of sediment core ROUGHISL, Rough Island, Ireland",10.1594/PANGAEA.886512,2023-01-12T13:31:19.647956,2023-08-04T09:33:48.226971,
a9408c83-0d0d-44c9-bb89-055651aa7c34,rdr-doi-10-22000-299,3.4 aus- und weiterbildung für das forschungsdatenmanagement in deutschland,10.22000/299,2023-01-12T13:30:26.335250,2023-08-04T09:24:14.570701,CC BY 4.0 Attribution
a9a5be49-5f6c-4549-9b06-fc1c3a976869,rdr-doi-10-22000-303,"4.2 datenspeicherung, -kuration und langzeitverfügbarkeit",10.22000/303,2023-01-12T13:30:26.771678,2023-08-04T09:24:14.806778,CC BY 4.0 Attribution
aa05d0cd-0fb1-4a42-8203-394b145fcc0f,png-doi-10-1594-pangaea-786598,"Topsoil properties and abundance of Acari and Collembola species in northern Victoria Land, Antarctica",10.1594/PANGAEA.786598,2023-01-12T13:31:15.700037,2023-08-04T09:33:46.230652,CC-BY-3.0
aaa875cf-d07f-4034-abae-09ba88eca93c,networks-dataset,Networks Dataset,10.57702/73m28sd0,2023-08-10T21:01:27.826179,2023-08-10T22:19:27.374094,License not specified
aadf20e9-6251-440b-ac9d-550737e93140,rdr-doi-10-22000-319,"Supplementary data for ""downy mildew resistance is genetically mediated by prophylactic production of phenylpropanoids in hop""",10.22000/319,2023-01-12T13:30:28.386448,2023-08-04T09:24:15.613960,CC BY 4.0 Attribution
abd60733-b9c5-4420-a9b2-1efc9dad3229,png-doi-10-1594-pangaea-918482,Community and trait data of two alpine glacier foreland chronosequences,10.1594/PANGAEA.918482,2023-01-12T13:31:17.713895,2023-08-04T09:33:47.272681,CC-BY-4.0
abdc4f13-9339-4cf4-8b07-aeec348cf564,png-doi-10-1594-pangaea-918466,Hillscape vegetation surveys at Klausen Pass (Griess Glacier) and Susten Pass (Stein Glacier) in central Switzerland,10.1594/PANGAEA.918466,2023-01-12T13:31:32.518022,2023-08-04T09:33:54.593301,
ad0f1eab-ffc5-480b-9072-f484f34f26dd,rdr-doi-10-22000-258,Additional data cc_gmc study,10.22000/258,2023-01-12T13:30:23.946815,2023-08-04T09:24:13.256039,CC0 1.0 Universal Public Domain Dedication
ade533eb-19b7-4def-8453-407e63ae0d96,rdr-doi-10-48606-25,Embryonet_training-data: shh,10.48606/25,2023-01-12T13:31:00.443360,2023-08-04T09:27:54.862938,CC BY 4.0 Attribution
aed87c22-e51b-498e-b7fc-095267c84e03,rdr-doi-10-22000-760,Marienkäfer disc3d,10.22000/760,2023-01-12T13:30:49.629010,2023-08-04T09:24:26.733566,CC BY 4.0 Attribution
af38c978-b9c9-40d5-b2ab-2c682bf82e6e,rdr-doi-10-22000-44,Date estimation in the wild images,10.22000/44,2023-01-12T13:30:32.507955,2023-08-04T09:24:17.874877,Other
b0c9c76d-fb2b-474b-9883-969a1ec793d2,rdr-doi-10-22000-795,Karminsäure,10.22000/795,2023-01-12T13:30:53.340805,2023-08-04T09:31:32.710489,CC BY 4.0 Attribution
b1b5e776-9050-4a11-97ba-7ba7084b52ee,rdr-doi-10-22000-374,Occlusal fingerprint analyser projects of the dissertation of k.r.k. jäger,10.22000/374,2023-01-12T13:30:30.850694,2023-08-04T09:24:17.021602,CC BY-NC 4.0 Attribution-NonCommercial
b1c7a391-6423-42ab-8574-943e63b31e66,rdr-doi-10-22000-771,Gerdingacp2018,10.22000/771,2023-01-12T13:30:50.961037,2023-08-04T09:24:27.438468,CC BY 4.0 Attribution
b228e68f-1d43-4a89-a344-4e4b4edca74f,rdr-doi-10-58160-87,Percentage of corn and raps from invekos 2018 for 100 - 5000 meters buffer area around landklif plots,10.58160/87,2023-08-04T08:51:07.617656,2023-08-04T09:31:32.970675,CC BY-NC 4.0 Attribution-NonCommercial
b3a13d13-6755-451a-a0bf-a8048144d785,png-doi-10-1594-pangaea-958871,Intensity index of agro-pastoral activity from lake Anterne,10.1594/PANGAEA.958871,2023-08-04T09:33:06.790982,2023-08-04T09:33:55.136812,
b3f47ed5-df56-4727-a181-01f48e834c1d,rdr-doi-10-22000-297,3.2 go fair und go change: chancen für das deutsche wissenschaftssystem,10.22000/297,2023-01-12T13:30:26.119240,2023-08-04T09:24:14.456037,CC BY 4.0 Attribution
b430feb2-689f-45ca-af40-358e4f60d1a4,rdr-doi-10-22000-471,Appendix_to_thesis_t_cell_response_to_an_mhc-ii_restricted_epitope_of_rodent_malaria,10.22000/471,2023-01-12T13:30:33.333454,2023-08-04T09:24:18.225004,CC BY 4.0 Attribution
b493dd3a-1ffa-48b5-87c7-1250b6d04dc1,rdr-doi-10-22000-1068,Vellalassery-ag-2023,10.22000/1068,2023-08-04T08:51:10.909288,2023-08-04T09:31:34.495029,CC BY 4.0 Attribution
b4a4a12f-35f5-4ed4-98d9-efdcb507c7c1,covid-19-image-repository,COVID-19 Image Repository,,2021-07-23T10:23:30.647334,2021-07-23T10:25:32.966202,Creative Commons Attribution
b509a0f1-860c-4e80-969a-b3072debd661,rdr-doi-10-22000-785,Die polei-minze im wandel der zeiten,10.22000/785,2023-01-12T13:30:53.558572,2023-08-04T09:31:32.840159,CC BY 4.0 Attribution
b545681d-68d2-41ee-a91d-20fb6a62d193,png-doi-10-1594-pangaea-958960,Intensity index of agro-pastoral activity from lake La Thuile,10.1594/PANGAEA.958960,2023-08-04T09:33:07.271439,2023-08-04T09:33:55.385895,
b59dcd26-08a4-4bff-a312-ac8238d03ccc,luh-visual-inspection-ontology,Visual Inspection Ontology,10.25835/8w2yytg9,2023-02-22T08:31:27.169449,2023-08-04T08:46:54.275530,CC-BY-NC-3.0
b5d19739-bdd3-412b-96cd-4158235b8f09,coypu-project-knowledge-graph,CoyPu Project Knowledge Graph,10.57702/2xl01lm1,2023-08-07T16:34:03.917793,2023-08-10T22:26:16.860960,License not specified
b66ebfb0-63a5-4f39-813d-964852c1a582,png-doi-10-1594-pangaea-922245,Ensemble of T&P bias corrected CORDEX data for climate change impact modeling,10.1594/PANGAEA.922245,2023-01-12T13:31:21.864120,2023-08-04T09:33:49.414479,CC-BY-4.0
b6d32572-d7b0-40b9-9e93-5c145f7d446c,rdr-doi-10-48606-94,Twinnetworkdataset001,10.48606/94,2023-05-02T07:10:12.290217,2023-08-04T09:27:57.892647,CC BY 4.0 Attribution
b8ffcbff-e9cd-4721-9b89-90ec1a3480f7,rdr-doi-10-22000-607,Supplement: the terminal enzymatic step in piperine biosynthesis is co-localized with the product piperine in specialized cells of black pepper (piper nigrum l.),10.22000/607,2023-01-12T13:30:43.133723,2023-08-04T09:24:23.418843,CC BY-SA 4.0 Attribution-ShareAlike
ba139a6a-9cf3-46d5-8a25-b338f90bd1bc,baci-dataset,BACI Dataset,10.57702/gammgkb7,2023-08-10T20:06:02.246408,2023-08-10T22:25:06.367520,License not specified
ba1ddb9d-631f-463d-a12d-a3762cbee893,wikievents-dataset,Wikievents Dataset,10.57702/pp9nvxgt,2023-08-10T21:24:51.174401,2023-08-10T22:14:36.027781,License not specified
ba2cbd35-530a-406c-9797-934054f04202,rdr-doi-10-22000-325,Praxishandbuch forschungsdatenmanagement [gesamtbuch],10.22000/325,2023-01-12T13:30:28.745540,2023-08-04T09:24:15.832734,CC BY 4.0 Attribution
ba948ae2-54ac-470e-a818-6f75d92fb207,rdr-doi-10-22000-307,5.1 auffindbarkeit und nutzbarkeit von daten,10.22000/307,2023-01-12T13:30:27.211805,2023-08-04T09:24:15.033998,CC BY 4.0 Attribution
bae242ee-9081-4906-ad22-6b0a7cd073ab,rdr-doi-10-22000-381,Plants cyp719 radar,10.22000/381,2023-01-12T13:30:30.983133,2023-08-04T09:24:17.094985,CC BY 4.0 Attribution
bbb3d668-7e8f-47c6-bbbe-192e993d6b67,rdr-doi-10-22000-357,Igg-slr-hybrid: high-resolution temporal gravity fields from satellite laser ranging,10.22000/357,2023-01-12T13:30:30.366103,2023-08-04T09:24:16.737473,CC BY 4.0 Attribution
bd1a5304-9fce-4a08-9a51-10aa5ac3b450,rdr-radar-radar-71,Survey on conference recording service among the institutions of the leibniz association,,2023-01-12T13:30:41.631329,2023-08-04T09:24:22.679925,CC BY 4.0 Attribution
bd856943-5f45-4a0a-b5bb-b9e42629f7e8,png-doi-10-1594-pangaea-867311,Erosion and soil evolution modelization from sediment core THU10-Mastercore of Lake La Thuile,10.1594/PANGAEA.867311,2023-01-12T13:31:28.888485,2023-08-04T09:33:52.782389,CC-BY-3.0
be7c6461-4719-4cc6-9d8a-d7d0890b940a,rdr-doi-10-22000-759,Mammutbaumzapfen (nicht disc3d),10.22000/759,2023-01-12T13:30:49.410531,2023-08-04T09:24:26.623351,CC BY 4.0 Attribution
c10d98a8-e660-403b-8d16-aa6ed3b5fcc1,rdr-doi-10-22000-457,Clahsen 2018 m.sc. thesis -  error analysis of wind estimates in specular meteor radar systems,10.22000/457,2023-01-12T13:30:32.970062,2023-08-04T09:24:18.042921,CC BY 4.0 Attribution
c20013cf-ae10-4521-b52c-7820bc375f98,rdr-doi-10-48606-67,Twinnetworkdataset009,10.48606/67,2023-05-02T07:10:13.303062,2023-08-04T09:27:58.397720,CC BY 4.0 Attribution
c22ad20e-d0e3-4be2-8041-ba71bfa29873,k4covid19,K4COVID19,10.57702/uolebhov,2021-07-23T05:49:13.923502,2022-06-08T15:22:09.581797,Creative Commons Attribution
c261111e-9e49-441e-a9b2-41815a14d77c,rdr-doi-10-22000-343,Hegrl2020,10.22000/343,2023-01-12T13:30:29.686891,2023-08-04T09:24:16.364215,CC BY 4.0 Attribution
c2f06893-0800-42ff-94e2-0bf0e200896d,rdr-doi-10-22000-302,"4.1 planung, beschreibung und dokumentation von forschungsdaten",10.22000/302,2023-01-12T13:30:26.645633,2023-08-04T09:24:14.737994,CC BY 4.0 Attribution
c31c9ff2-0ea9-43d8-8f93-2af0eaade9d4,example-cad-visualizations,Example CAD Visualizations,10.57702/y89qq7yc,2022-05-10T06:06:18.809145,2022-05-10T06:11:58.326588,Creative Commons Attribution
c38b938a-c921-4590-a4c5-e2ecdccc0bc0,png-doi-10-1594-pangaea-910578,"Absolute abundance of intact polar lipid classes in soils, roots, fungi, collembola, amoebae and bacteria",10.1594/PANGAEA.910578,2023-01-12T13:31:31.629022,2023-08-04T09:33:54.147922,CC-BY-4.0
c3a1e2fc-1f40-436f-95d3-952ad87b2858,rdr-doi-10-22000-1655,Resonating holes vs molecular spin-orbit coupled states in group-5 lacunar spinels,10.22000/1655,2023-08-04T08:51:11.027042,2023-08-04T09:31:34.549515,CC BY 4.0 Attribution
c3d5c849-3f3e-49f3-ab52-751d108f02df,perez-alvarez-2018-1,perez-alvarez-2018-1,10.57702/eyff90ic,2023-12-15T13:00:01.137714,2023-12-15T17:22:34.607729,License not specified
c4f905b4-4c5a-4eec-bad8-2d678096f1fa,png-doi-10-1594-pangaea-848927,"Dissolved organic carbon in soil solution of the Jena Experiment (Main Experiment, year 2007)",10.1594/PANGAEA.848927,2023-01-12T13:31:27.871410,2023-08-04T09:33:52.300245,CC-BY-3.0
c5aa200c-56be-4aa1-af59-7c679886baf2,rdr-doi-10-48606-92,Twinnetworkdataset034,10.48606/92,2023-05-02T07:10:15.535559,2023-08-04T09:27:59.462041,CC BY 4.0 Attribution
c5d70263-8d5a-4fcb-9d74-d2868ffe3898,rdr-doi-10-22000-337,Gerdingjastp2020,10.22000/337,2023-01-12T13:30:29.208404,2023-08-04T09:24:16.095153,CC BY 4.0 Attribution
c61b3ad4-72d4-4a84-af6c-3a5badf01270,png-doi-10-1594-pangaea-932812,"TOC, TIC, TN and TS contents and stable isotope signatures (δ13C of TOC, δ15N, δ34S) of fine-grained saltmarsh deposits of the barrier island Spiekeroog at the southern North Sea Coast",10.1594/PANGAEA.932812,2023-01-12T13:31:22.000806,2023-08-04T09:33:49.466543,CC-BY-4.0
c63af03b-5289-46ef-9cb1-aab92f3d1934,rdr-doi-10-22000-711,Regression results: effects of food price volatility on children’s nutrition,10.22000/711,2023-01-12T13:30:48.124361,2023-08-04T09:24:25.984374,CC BY-NC-ND 4.0 Attribution-NonCommercial-NoDerivs
c6ddcb6b-bd16-45b0-8e6c-2c7a39923a18,rdr-doi-10-22000-761,Stein disc3d,10.22000/761,2023-01-12T13:30:49.727824,2023-08-04T09:24:26.788078,CC BY 4.0 Attribution
c6edc94a-0966-4e75-a784-0d60038badb9,png-doi-10-1594-pangaea-939444,Vegetation structural field measurement data for Northeastern China Crops (NECC),10.1594/PANGAEA.939444,2023-01-12T13:31:22.398198,2023-08-04T09:33:49.667600,CC-BY-4.0
c713fc65-4c2f-40a5-b672-9e8d6d79b581,png-doi-10-1594-pangaea-940558,Decoding geochemical signals of the Schwalbenberg Loess-Palaeosol-Sequences –Bulk Geochemical and Granulometric data,10.1594/PANGAEA.940558,2023-01-12T13:31:22.524711,2023-08-04T09:33:49.733353,CC-BY-4.0
c729ffd9-8be1-49a9-8c43-dab2f8a87753,luh-news400,News400 Dataset,10.25835/0084897,2021-10-14T10:16:03.098485,2023-08-04T08:46:40.898926,CC-BY-NC-3.0
c7965016-0acb-45bb-b77b-91859c369048,png-doi-10-1594-pangaea-867308,Organic geochemistry of soils from Lake La Thuile,10.1594/PANGAEA.867308,2023-01-12T13:31:28.590464,2023-08-04T09:33:52.621893,CC-BY-3.0
c7b31467-bdf7-487a-bbd8-d4d8396b0e84,rdr-doi-10-22000-473,"Appendix to the dissertation ""characterization of a novel multiprotein complex downstream of the cytosolic nucleic acid sensors cgas and rig-i""",10.22000/473,2023-01-12T13:30:33.490144,2023-08-04T09:24:18.301970,CC0 1.0 Universal Public Domain Dedication
c80c6291-df19-4a92-b5cf-134ceb98dd69,rdr-doi-10-22000-286,1 datenökosystem,10.22000/286,2023-01-12T13:30:25.029189,2023-08-04T09:24:13.882796,CC BY 4.0 Attribution
c854c0a8-9a35-40b8-8698-115d3ec29a26,example-ldm-api-implementation,Example LDM-API implementation,10.57702/0m50j2xo,2023-01-12T10:37:55.407492,2023-01-12T11:27:52.437290,License not specified
c896cabf-62db-4ed7-af8b-f298857a7f43,png-doi-10-1594-pangaea-862961,Soil organic carbon storage and soil properties for 50 soil profiles in the Lena River Delta including land form description and map,10.1594/PANGAEA.862961,2023-01-12T13:31:16.904520,2023-08-04T09:33:46.856993,CC-BY-3.0
c944048a-a7e4-4353-8ba1-80f2db803028,rdr-doi-10-22000-764,Chauamt2019,10.22000/764,2023-01-12T13:30:50.101066,2023-08-04T09:24:26.980384,CC BY 4.0 Attribution
ca357b59-8301-435b-8027-a739fba0f757,rdr-doi-10-22000-787,Frittsjgr2019,10.22000/787,2023-01-12T13:30:52.765306,2023-08-04T09:24:28.354865,CC BY 4.0 Attribution
cae809c2-4400-48b1-8889-055f4abf4f94,rdr-doi-10-22000-155,Turning observed founder alleles into expected relationships - example programs,10.22000/155,2023-01-12T13:30:23.427719,2023-08-04T09:24:13.007855,CC BY 4.0 Attribution
cb1d5ed4-8500-4b26-b15f-f5b0103a407f,png-doi-10-1594-pangaea-864866,Soil and incubation data of permafrost-affected soils of the northeast Siberian polygonal tundra,10.1594/PANGAEA.864866,2023-01-12T13:31:17.028855,2023-08-04T09:33:46.909564,CC-BY-3.0
cb5cca01-a6f5-4934-93ae-e3ac750a67ee,rdr-doi-10-22000-338,Psyche - a valuable experiment in plant nmr-metabolomics,10.22000/338,2023-01-12T13:30:29.343603,2023-08-04T09:24:16.166856,CC BY-SA 4.0 Attribution-ShareAlike
cb93b2d1-a29c-4c3a-ab2e-9b6d7e3f747e,rdr-doi-10-48606-59,Twinnetworkdataset003,10.48606/59,2023-05-02T07:10:15.090157,2023-08-04T09:27:59.251098,CC BY 4.0 Attribution
cbcd1a75-b52d-4883-8ae0-b3ff06818b16,rdr-doi-10-48606-26,Embryonet_training-data: pcp,10.48606/26,2023-01-12T13:30:59.243081,2023-08-04T09:27:54.175262,CC BY 4.0 Attribution
cbe5f1f9-fe2e-4ee9-b292-3cdb58cde3f1,rdr-doi-10-48606-65,Twinnetworkdataset008,10.48606/65,2023-05-02T07:10:13.733614,2023-08-04T09:27:58.609875,CC BY 4.0 Attribution
ce115b9d-870f-436b-a8f7-386a6c65834f,wild-fires-dataset,Wild Fires Dataset,10.57702/zdq1h4l6,2023-08-10T21:27:18.071239,2023-08-10T22:14:21.795951,License not specified
ce733a0e-950e-42ac-80f1-bc0ffeae74b9,reliefweb-dataset,ReliefWeb Dataset,10.57702/s5dxmc0w,2023-08-10T21:15:39.067115,2023-08-10T22:16:53.129780,License not specified
ce8acb1e-d3e0-452c-ac68-b440686ca701,rdr-doi-10-22000-726,Porta fontium - karten und pläne zur bayerisch-tschechischen geschichte,10.22000/726,2023-01-12T13:30:47.820824,2023-08-04T09:24:25.849742,CC BY 4.0 Attribution
ce92217d-7bac-4333-a969-f1c4e89874c8,rdr-doi-10-22000-271,"Raw data for ""a piperic acid coa ligase produces a putative precursor of piperine, the pungent principle from black pepper fruits""",10.22000/271,2023-01-12T13:30:24.213523,2023-08-04T09:24:13.419889,CC BY 4.0 Attribution
ceeaf408-ffbf-4f01-8c05-8395dd687c3d,luh-2022-usenix-dev-sampling,"Replication Package: ""Where to Recruit for Security Development Studies: Comparing Six Software Developer Samples""",10.25835/wg7xhqmh,2023-01-12T13:13:58.835219,2023-08-04T08:46:17.302712,CC-BY-SA-3.0
cef4d5f3-d260-4dce-88b1-019731b0c42b,png-doi-10-1594-pangaea-890350,Geochemistry of Martin_core1 peat core,10.1594/PANGAEA.890350,2023-01-12T13:31:19.892737,2023-08-04T09:33:48.325973,CC-BY-3.0
cef7a008-1a48-44cf-b4ed-b1b66a976f56,rdr-doi-10-48606-33,Embryonet_test-data: stickleback,10.48606/33,2023-01-12T13:30:58.649604,2023-08-04T09:27:53.903351,CC BY 4.0 Attribution
cf174b40-8c2b-44c4-bf21-437e9697cdff,rdr-doi-10-48606-83,Twinnetworkdataset026,10.48606/83,2023-05-02T07:10:16.158004,2023-08-04T09:27:59.668419,CC BY 4.0 Attribution
cff756f0-57b0-48b2-b53c-e2185f8e445e,png-doi-10-1594-pangaea-882213,(Table 6) Water quality of the 31 study sites of six river systems in the Southern Western Ghats,10.1594/PANGAEA.882213,2023-01-12T13:31:30.456941,2023-08-04T09:33:53.538817,CC-BY-NC-ND-3.0
d01236b7-97c5-49d7-a7cf-4bb2aec02af9,png-doi-10-1594-pangaea-902191,High-spatial-resolution monthly temperature and precipitation dataset for China for 1901-2017,10.1594/PANGAEA.902191,2023-01-12T13:31:20.701027,2023-08-04T09:33:48.815431,CC-BY-4.0
d1659ab4-3c47-422e-b11c-75dd957a11d1,rdr-doi-10-22000-504,Strelnikovjgr2021,10.22000/504,2023-01-12T13:30:33.958780,2023-08-04T09:24:18.579522,CC BY 4.0 Attribution
d1712998-f2da-4796-a2fc-110f7c4d369d,png-doi-10-1594-pangaea-958764,Nature of agricultural and pastoral activities and Sporormiella spores concentration for lake Verney,10.1594/PANGAEA.958764,2023-08-04T09:33:06.247531,2023-08-04T09:33:54.894567,
d2186c38-ac7f-45fb-9c38-2e9f36d3afaf,luh-2023-usenix-ucs,"Replication Package: ""Pushed by Accident: A Mixed-Methods Study on Strategies of Handling Secret Information in Source Code Repositories""",10.25835/xfc2h3pg,2023-08-04T08:46:17.499028,2023-08-04T08:46:17.499034,CC-BY-SA-3.0
d21c5b01-1131-44c0-8063-e46944b68de0,png-doi-10-1594-pangaea-862960,"Soil organic carbon (SOC) storage in the Lena River Delta, link to shapefile",10.1594/PANGAEA.862960,2023-01-12T13:31:28.478004,2023-08-04T09:33:52.568907,CC-BY-3.0
d2a21683-2f5d-4b92-b134-f185d6ef498a,png-doi-10-1594-pangaea-919343,"Vegetation survey of plant species richness and cover in managed grasslands of central Germany, summer of 2013",10.1594/PANGAEA.919343,2023-01-12T13:31:21.747165,2023-08-04T09:33:49.343358,
d2e5af1b-4a74-4bba-8199-e6d138e37243,exiobase-dataset,Exiobase Dataset,10.57702/ipokonoh,2023-08-10T20:38:31.526401,2023-08-10T22:22:47.841634,License not specified
d3f46aed-1819-4bc4-895f-3a6c57e1cfd2,rdr-doi-10-22000-536,Pobletess2022,10.22000/536,2023-01-12T13:30:47.269507,2023-08-04T09:24:25.551650,CC BY 4.0 Attribution
d4282dea-6d37-45f7-80b2-4bb04f2e8980,png-doi-10-1594-pangaea-946950,"Annual arable land and permanent agriculture extent in Southern Greece from 1986-2020, derived from Landsat and LUCAS data",10.1594/PANGAEA.946950,2023-01-12T13:31:23.277577,2023-08-04T09:33:50.094111,CC-BY-4.0
d4b11115-cd20-4f90-8b84-b9c6080a2a61,rdr-doi-10-22000-772,Gerdingamt2016,10.22000/772,2023-01-12T13:30:51.072478,2023-08-04T09:24:27.491515,CC BY 4.0 Attribution
d55563a5-b40f-4fd4-ad2c-199a088191c4,rdr-doi-10-48606-63,Twinnetworkdataset006,10.48606/63,2023-05-02T07:10:12.820278,2023-08-04T09:27:58.183382,CC BY 4.0 Attribution
d62bc9a2-c3b3-46a7-9a4c-47c9722fe33b,png-doi-10-1594-pangaea-900090,"The field measurements and high resolution reference LAI data in Hailun and Honghe, China",10.1594/PANGAEA.900090,2023-01-12T13:31:20.462525,2023-08-04T09:33:48.625565,CC-BY-4.0
d6768440-7bc5-457a-99f0-d0f82ee409cd,international-organizations-dataset,International Organizations Dataset,10.57702/7g62nj72,2023-08-10T20:56:19.854385,2023-08-10T22:20:07.729283,License not specified
d68fd301-711c-485d-a408-ea95b3061345,png-doi-10-1594-pangaea-815890,(Table 3) Collembola species density and diversity in control and OTC plots near Abisco Research Station,10.1594/PANGAEA.815890,2023-01-12T13:31:18.405833,2023-08-04T09:33:47.605872,CC-BY-3.0
d73ddfda-cbe9-4eaa-8c7b-d1409d7e2381,rdr-doi-10-22000-738,Restaging fashion,10.22000/738,2023-01-12T13:30:47.959319,2023-08-04T09:24:25.916472,CC BY-SA 4.0 Attribution-ShareAlike
d7d7bd87-b2cb-4cf8-bb81-b2f90ec60a83,rdr-doi-10-22000-741,Snake meshes,10.22000/741,2023-01-12T13:30:48.228378,2023-08-04T09:24:26.053459,CC BY-SA 4.0 Attribution-ShareAlike
d986269a-0bef-4bc8-8cca-6a0f6bb05c27,rdr-doi-10-22000-702,The current landscape of author guidelines in chemistry through the lens of research data sharing,10.22000/702,2023-05-02T07:10:08.081254,2023-08-04T09:31:32.642420,CC BY 4.0 Attribution
d9e2de58-08f3-4ba6-ac65-11a78de79cee,rdr-doi-10-58160-83,Climate and landscape variables of bavaria quadrants in landklif study design,10.58160/83,2023-08-04T08:51:08.180820,2023-08-04T09:31:33.240140,CC BY-NC 4.0 Attribution-NonCommercial
d9fd63e3-e9d2-4443-b9e8-695dbc39764d,png-doi-10-1594-pangaea-867310,Organic geochemistry of sediment core THU10-Mastercore of Lake La Thuile,10.1594/PANGAEA.867310,2023-01-12T13:31:28.788797,2023-08-04T09:33:52.728759,CC-BY-3.0
da47b1fe-d957-45ae-901a-8e12cda00aa5,rdr-doi-10-48606-80,Twinnetworkdataset022,10.48606/80,2023-05-02T07:10:14.434964,2023-08-04T09:27:58.968479,CC BY 4.0 Attribution
dc7be277-653e-47a2-b594-1bd57ddaa4f8,rdr-doi-10-48606-50,"Datasets for ""uncovering developmental time and tempo using deep learning""",10.48606/50,2023-05-02T07:10:12.143895,2023-08-04T09:27:57.797171,CC BY 4.0 Attribution
dcc2ec89-f4a5-42d5-91aa-1a38349e553c,png-doi-10-1594-pangaea-918467,Hillscape plant traits at Klausen Pass (Griess Glacier) and Susten Pass (Stein Glacier) in central Switzerland,10.1594/PANGAEA.918467,2023-01-12T13:31:32.632989,2023-08-04T09:33:54.654208,
dd899416-5a6c-43d1-8506-e1ca6300b709,png-doi-10-1594-pangaea-878052,Grain size distribution of Lake Verney sediment core,10.1594/PANGAEA.878052,2023-01-12T13:31:29.691736,2023-08-04T09:33:53.158777,CC-BY-3.0
de182010-9aca-491b-8ec0-19f497ce6e32,png-doi-10-1594-pangaea-904256,Responses of peatland vegetation to 15-year water level drawdown as mediated by fertility level,10.1594/PANGAEA.904256,2023-01-12T13:31:20.815999,2023-08-04T09:33:48.879567,CC-BY-4.0
deba1593-f695-460e-9f18-be17704f54f6,png-doi-10-1594-pangaea-786522,(Table 1) Floral and faunal characteristics of five sites in northern Victoria Land,10.1594/PANGAEA.786522,2023-01-12T13:31:23.650758,2023-08-04T09:33:50.354013,CC-BY-3.0
df530621-e0a3-49f0-b08e-24379989570b,rdr-doi-10-35097-974,Opencarp ci (v1.5.2),10.35097/974,2023-05-02T07:10:11.103853,2023-08-04T09:27:57.256475,Apache License 2.0
df5a35c9-b58a-4bdc-90fc-2cb68351fa19,png-doi-10-1594-pangaea-788545,"Basal area of plants observed in plots in Granada, Colombia",10.1594/PANGAEA.788545,2023-01-12T13:31:24.946122,2023-08-04T09:33:50.956700,
df5b7113-d32b-40bd-98ed-2ed55843b250,ips-dataset,IPS Dataset,10.57702/eqvz07u4,2023-08-10T20:57:50.393894,2023-08-10T22:19:52.413058,License not specified
e06d1212-c383-47de-84dc-bff91aea1c1a,rdr-doi-10-48606-90,Twinnetworkdataset032,10.48606/90,2023-05-02T07:10:16.733818,2023-08-04T09:27:59.945968,CC BY 4.0 Attribution
e0894e61-8e22-4832-aa92-555f007282bc,luh-2022-soups-olab,"Replication Package: ""If You Can’t Get Them to the Lab: Evaluating a Virtual Study Environment with Security Information Workers""",10.25835/spxeaic7,2023-01-12T13:13:58.657594,2023-08-04T08:46:17.135352,CC-BY-SA-3.0
e121be86-7419-4b5a-8507-344dd6851d1c,sdmkgc,SDMKGC,10.57702/zvwhphhe,2022-01-31T20:30:06.084697,2023-02-06T08:41:46.821424,License not specified
e2b95dce-768b-45f3-86ed-f4531cd98e94,luh-semeval-2021-task-11-shared-task-dataset,SemEval-2021 Task 11 Shared Task Dataset,10.25835/0022787,2021-10-14T10:16:06.118114,2023-08-04T08:46:46.960050,CC-BY-SA-3.0
e45bd890-1f6d-449b-9d76-b9a7371c4ed4,rdr-doi-10-48606-61,Twinnetworkdataset004,10.48606/61,2023-05-02T07:10:14.651077,2023-08-04T09:27:59.038734,CC BY 4.0 Attribution
e48e0a1a-1771-4832-a83c-b88a5d29b2a4,world-bank-dataset,World Bank Dataset,10.57702/ajbdmhlw,2023-08-10T21:28:38.642429,2023-10-18T06:02:37.602277,License not specified
e4afd5c8-6ed3-4ee8-9146-39b929608963,luh-triphyophyllum-carnivory-induction,Triphyophyllum carnivory induction,10.25835/t359h7o4,2023-05-02T07:05:24.589421,2023-08-04T08:46:52.793664,CC-BY-3.0
e4bf97d0-302d-488c-b3e0-001f3841abbd,rdr-doi-10-48606-9,Kosved: konstanz one-sided event dataset,10.48606/9,2023-01-12T13:30:50.217624,2023-08-04T09:24:27.035349,CC BY 4.0 Attribution
e50eadb8-c7fe-44e3-b1a1-6b95a9fc5207,rdr-doi-10-22000-152,Data and codes for publication tang et al 2019,10.22000/152,2023-01-12T13:30:23.297504,2023-08-04T09:24:12.939356,CC BY 4.0 Attribution
e51fd04c-cd78-4111-a6aa-d7c0e62bbb42,rdr-doi-10-48606-72,Twinnetworkdataset014,10.48606/72,2023-05-02T07:10:16.863617,2023-08-04T09:28:00.017536,CC BY 4.0 Attribution
e62c6987-b4ae-45c6-9499-78bdb188e1a1,rdr-doi-10-22000-309,5.3 kollaboratives arbeiten mit daten,10.22000/309,2023-01-12T13:30:27.416489,2023-08-04T09:24:15.149409,CC BY 4.0 Attribution
e6e37d74-7cfc-458e-ac29-ed153b414354,catalog-dataset,Catalog Dataset,10.57702/2iev6x8r,2023-08-10T20:09:34.894731,2023-08-10T22:25:32.465010,License not specified
e734ab2f-e0b0-4f64-96fd-6d181687a3d1,png-doi-10-1594-pangaea-910617,Characterization of intact polar lipids in soils for assessing their origin,10.1594/PANGAEA.910617,2023-01-12T13:31:17.600450,2023-08-04T09:33:47.218396,CC-BY-4.0
e82fc813-6e03-4bf8-9133-0ca1402b0f43,rdr-doi-10-22000-401,Sivakandaneps2021,10.22000/401,2023-01-12T13:30:31.759632,2023-08-04T09:24:17.495771,CC BY 4.0 Attribution
e8a0620f-63a3-433c-8a85-c1c085159ea2,em-dat-dataset,EM-DAT Dataset,10.57702/3d1i5yem,2023-08-10T20:36:15.855746,2023-08-10T22:23:01.008174,License not specified
ea808714-d154-4a62-8152-6263aad48bb1,png-doi-10-1594-pangaea-869776,"Abundance and species richness of flower visitors, flower trait functional diversity and flower trait community weighted mean in the Jena Experiment, 2008",10.1594/PANGAEA.869776,2023-01-12T13:31:29.342677,2023-08-04T09:33:53.002183,CC-BY-3.0
ebd8488f-a92b-46c9-899c-1e0b7f4f01e1,acled,ACLED,10.57702/f6a0n37q,2023-08-10T19:55:16.480321,2024-01-16T15:15:13.694924,License not specified
ebfe6cb9-95b4-4eb9-9a63-fe6bae215aa9,png-doi-10-1594-pangaea-857289,R-script modified VS-Lite model,10.1594/PANGAEA.857289,2023-01-12T13:31:18.941993,2023-08-04T09:33:47.873648,CC-BY-3.0
ec912f16-62d2-48cf-ab64-c1ac86dab9db,png-doi-10-1594-pangaea-815783,Soil chemistry and particle size distribution of mountainous tundra soils in the Rai-Iz Massif,10.1594/PANGAEA.815783,2023-01-12T13:31:16.350249,2023-08-04T09:33:46.569401,CC-BY-3.0
ecce4c0c-b917-42ea-a680-fd366ce5c7b0,png-doi-10-1594-pangaea-788547,Contribution of woody habitat islands to the conservation of birds and their potential ecosystem services in an extensive Colombian rangeland,10.1594/PANGAEA.788547,2023-01-12T13:31:16.040741,2023-08-04T09:33:46.399044,
ee5bef8f-48ca-499b-9f7b-411e6b236ffd,rdr-doi-10-48606-15,"Datasets for ""embryonet: using deep learning to link embryonic phenotypes to signaling pathways""",10.48606/15,2023-01-12T13:30:59.121962,2023-08-04T09:27:57.515034,CC BY 4.0 Attribution
ee805dc1-496c-4b10-87ba-0aa5ff68a64e,rdr-doi-10-48606-89,Twinnetworkdataset031,10.48606/89,2023-05-02T07:10:16.987663,2023-08-04T09:28:00.090090,CC BY 4.0 Attribution
ef96d2db-9cbe-4738-b7bf-da556e12bdc2,luh-a-neural-approach-for-text-extraction-from-scholarly-figures,A Neural Approach for Text Extraction from Scholarly Figures,10.25835/0030443,2021-10-14T10:15:52.746653,2023-08-04T08:46:18.444285,CC-BY-3.0
f000be72-abf8-4210-9dc3-3d10fb9af884,rdr-doi-10-22000-324,Thermal origin of light emission in non-resonant and resonant tunnel junctions - experimental data for publication,10.22000/324,2023-01-12T13:30:28.633142,2023-08-04T09:24:15.753367,CC BY 4.0 Attribution
f00cdc84-5be1-4d2d-b00c-d8a957d78a0b,ports-wfp-dataset,Ports WFP Dataset,10.57702/2id9d6u6,2023-08-10T21:09:29.353626,2023-08-10T22:18:37.981893,License not specified
f079aab6-870e-4a47-a4eb-2017ac25e367,png-doi-10-1594-pangaea-878053,Geochemistry of Lake Verney sediment core,10.1594/PANGAEA.878053,2023-01-12T13:31:29.792075,2023-08-04T09:33:53.222609,CC-BY-3.0
f0ad7f6f-3dc5-4ea1-911b-4089a35f2731,rdr-doi-10-22000-400,Nature communications biology radar - feb 2021,10.22000/400,2023-01-12T13:30:31.652723,2023-08-04T09:24:17.431198,CC BY-SA 4.0 Attribution-ShareAlike
f0bf8876-afe3-4a9a-8529-289ab2380313,rdr-doi-10-22000-519,Ghoshjgr2022,10.22000/519,2023-01-12T13:30:43.373791,2023-08-04T09:24:23.561930,CC BY 4.0 Attribution
f0c1a95b-255a-466d-981c-81fc376647ef,png-doi-10-1594-pangaea-950233,Effects of trail disturbance on native and non-native coastal prairie bunchgrass in Santa Cruz,10.1594/PANGAEA.950233,2023-01-12T13:31:23.430943,2023-08-04T09:33:50.158777,CC-BY-4.0
f1460cfd-866d-42ad-8383-36d5c3f22201,countries-test,Countries Test,10.57702/lcp6xrm9,2023-11-09T15:25:05.932364,2023-11-10T20:27:11.604512,License not specified
f1dd3317-09a6-4320-ba4c-9210af0148f0,png-doi-10-1594-pangaea-837759,(Supplement Table S3b) Environmental and soil data for releves along the North America Arctic bioclimate gradient,10.1594/PANGAEA.837759,2023-01-12T13:31:26.636345,2023-08-04T09:33:51.727075,CC-BY-3.0
f220b189-f18e-4a4c-ab6c-76ce022a827d,rdr-doi-10-22000-360,"Supplementary data to publication ""modulation of colostrum composition and fatty acid status in neonatal calves by maternal supplementation with essential fatty acids and conjugated linoleic acid starting in late lactation""",10.22000/360,2023-01-12T13:30:30.592777,2023-08-04T09:24:16.890669,CC BY 4.0 Attribution
f2792a2b-fc82-4ac2-86d5-8a5830e4f98f,rdr-doi-10-48606-70,Twinnetworkdataset012,10.48606/70,2023-05-02T07:10:13.865971,2023-08-04T09:27:58.679830,CC BY 4.0 Attribution
f33bf4d7-af23-496b-9a32-77c928867366,rdr-doi-10-48606-31,Embryonet_models,10.48606/31,2023-01-12T13:30:59.863577,2023-08-04T09:27:54.516894,CC BY 4.0 Attribution
f3d88d5f-0020-4de5-8898-ba7ebcda14ac,rdr-doi-10-22000-353,Hegrl2021,10.22000/353,2023-01-12T13:30:30.040834,2023-08-04T09:24:16.550760,CC BY 4.0 Attribution
f43c99b5-4b4b-4df0-8e11-f8e5c75ed1ec,geoboundaries-datasets,Geoboundaries Datasets,10.57702/myq66n0a,2023-08-10T20:45:13.981549,2023-08-10T22:22:05.969100,License not specified
f45c42a7-50d2-46e1-a247-e40db3255d50,falcon-demo,Falcon Demo,,2022-01-31T15:37:16.684571,2022-02-24T09:11:39.255308,License not specified
f47f9afb-39d8-46d4-9679-4080c85f8439,rdr-doi-10-22000-1105,Repository-data____radar4chem__for-doi_10.1002-adfm.202211880.zip,10.22000/1105,2023-08-04T08:50:04.278244,2023-08-04T09:28:05.986115,CC BY-NC 4.0 Attribution-NonCommercial
f59619c4-ee95-4102-8bc1-8583a82460d4,climate-trace-dataset,Climate Trace Dataset,10.57702/8kh82uha,2023-08-10T20:16:33.413638,2023-08-10T22:24:42.919980,License not specified
f5b2479b-9018-4a68-98b7-7299a70e13ff,png-doi-10-1594-pangaea-910845,Relative abundance of intact polar lipid species in roots,10.1594/PANGAEA.910845,2023-01-12T13:31:31.939716,2023-08-04T09:33:54.317276,CC-BY-4.0
f5f2decf-6082-43af-a56a-b0f6c945a75f,rdr-doi-10-48606-10,"Eusanct: does supranational coercion work? onset, impact and effectiveness of eu sanctions",10.48606/10,2023-01-12T13:30:50.369633,2023-08-04T09:24:27.098945,CC BY 4.0 Attribution
f6d9b33f-1556-4ac7-bdba-127f035fb68f,rdr-doi-10-48606-75,Twinnetworkdataset018,10.48606/75,2023-05-02T07:10:14.268965,2023-08-04T09:27:58.898858,CC BY 4.0 Attribution
f7f13220-42d2-468c-8ec4-9596ca052d26,png-doi-10-1594-pangaea-903796,Photos of the landscape of the agricultural Gebesee test site (central Germany) in 2016,10.1594/PANGAEA.903796,2023-01-12T13:31:30.782420,2023-08-04T09:33:53.716223,CC-BY-NC-4.0
f885b9fa-16b9-42c5-bab0-8732b1553b3e,png-doi-10-1594-pangaea-848926,"Dissolved organic carbon in soil solution of the Jena Experiment (Main Experiment, year 2006)",10.1594/PANGAEA.848926,2023-01-12T13:31:27.751852,2023-08-04T09:33:52.246445,CC-BY-3.0
f8baa52b-1d2f-45ef-8898-d15eb5def5bf,png-doi-10-1594-pangaea-788546,"Vegetation characteristics and composition of bird dietary traits of plots in Granada, Colombia",10.1594/PANGAEA.788546,2023-01-12T13:31:25.048091,2023-08-04T09:33:51.015267,
f91697cc-fbf6-45f3-b942-28f2aad17293,rdr-doi-10-22000-603,"Analytical data belonging to the publication ""in-situ study of the impact of temperature and architecture on the interfacial structure of thermo-responsive microgels""",10.22000/603,2023-01-12T13:30:44.087071,2023-08-04T09:24:23.938421,CC BY 4.0 Attribution
f9672db6-eb9d-4d9d-b834-9b50b95caf4a,png-doi-10-1594-pangaea-848923,"Dissolved organic carbon in soil solution of the Jena Experiment (Main Experiment, year 2003)",10.1594/PANGAEA.848923,2023-01-12T13:31:27.411208,2023-08-04T09:33:52.080394,CC-BY-3.0
f9a12656-d803-4ef9-848a-784ec3c7d20d,rivers-dataset,Rivers Dataset,10.57702/op9ptgc8,2023-08-10T21:18:22.166074,2023-08-10T22:16:25.206933,License not specified
fc6ac5d9-1604-41d9-b0f0-35e5d391029f,png-doi-10-1594-pangaea-958841,Nature of agricultural and pastoral activities for lake Savine,10.1594/PANGAEA.958841,2023-08-04T09:33:06.370897,2023-08-04T09:33:54.954424,
fc8882a2-5207-4205-9775-4b02e74f1a72,rdr-doi-10-22000-770,Chaugrl2019,10.22000/770,2023-01-12T13:30:50.859582,2023-08-04T09:24:27.384653,CC BY 4.0 Attribution
fe22a15c-b4bd-423f-8689-9ff0af23eb9d,rdr-doi-10-22000-321,Measurement data - thermoelectricity of near-resonant tunnel junctions and their near-carnot efficiency,10.22000/321,2023-01-12T13:30:28.511662,2023-08-04T09:24:15.683841,CC BY 4.0 Attribution
fe742c08-cebc-489a-b205-e7f4a6487829,commodities-dataset,Commodities Dataset,10.57702/68vs5q6o,2023-08-10T20:19:41.724901,2023-08-10T22:24:29.226728,License not specified
feff84ea-89ec-4ce6-95fa-70060af298ac,luh-orkg-dils2018-use-case-dataset,ORKG DILS2018 use case dataset,10.25835/0076766,2021-10-14T10:16:03.797118,2023-08-04T08:46:42.058655,CC-BY-SA-3.0
ff44c59b-e1a7-4f01-8403-33b95d2454d1,png-doi-10-1594-pangaea-945395,Thermo-erosion gullies inventory of Nordenskiöld Land (Svalbard Archipelago),10.1594/PANGAEA.945395,2023-01-12T13:31:23.122770,2023-08-04T09:33:50.033443,CC-BY-4.0
ff72da57-7dba-49da-97b3-904ee1a64a73,png-doi-10-1594-pangaea-942976,"Potassium, rubidium, and cesium contents in soil along a continental transect in the Chilean Coastal Cordillera",10.1594/PANGAEA.942976,2023-01-12T13:31:22.640684,2023-08-04T09:33:49.801032,CC-BY-4.0
ffb44065-ad38-4952-b69c-4fccfe6ea97d,rdr-doi-10-22000-342,Conteess2020,10.22000/342,2023-01-12T13:30:29.569873,2023-08-04T09:24:16.294687,CC BY 4.0 Attribution